Prompt,Hindi Translation,Code-Mixed (Hinglish),Intent,Context,Tags,Tamil Translation,Bengali Translation,Marathi Translation,Urdu Translation,Telugu Translation,valid_prompt,Symptom,Sentiment,Language
How does chronic stress affect the menstrual cycle and what coping strategies can help?,क्रोनिक तनाव मासिक धर्म चक्र को कैसे प्रभावित करता है और क्या नकल की रणनीति मदद कर सकती है?,How does chronic stress affect the menstrual cycle and what coping strategies can help ka kya solution hai?,mental_wellness,mental wellness,"emotion, mental health, stress",நாள்பட்ட மன அழுத்தம் மாதவிடாய் சுழற்சியை எவ்வாறு பாதிக்கிறது மற்றும் சமாளிக்கும் உத்திகள் என்ன உதவும்?,দীর্ঘস্থায়ী স্ট্রেস কীভাবে মাসিক চক্রকে প্রভাবিত করে এবং কোন মোকাবিলার কৌশলগুলি সহায়তা করতে পারে?,तीव्र तणाव मासिक पाळीवर कसा परिणाम करते आणि कोणत्या सामोरे जाण्याची रणनीती मदत करू शकते?,دائمی تناؤ ماہواری کو کس طرح متاثر کرتا ہے اور مقابلہ کرنے کی کیا حکمت عملی مدد کر سکتی ہے؟,దీర్ఘకాలిక ఒత్తిడి stru తు చక్రాన్ని ఎలా ప్రభావితం చేస్తుంది మరియు ఏ కోపింగ్ వ్యూహాలు సహాయపడతాయి?,TRUE,headache,neutral,Bengali
What are common emotional symptoms of PMS and how can women cope with them?,पीएमएस के सामान्य भावनात्मक लक्षण क्या हैं और महिलाएं उनके साथ कैसे सामना कर सकती हैं?,What are common emotional symptoms of PMS and how can women cope with them ka kya solution hai?,mental_wellness,self-care,"coping, remedy, self-help","பி.எம்.எஸ்ஸின் பொதுவான உணர்ச்சி அறிகுறிகள் யாவை, பெண்கள் அவற்றை எவ்வாறு சமாளிக்க முடியும்?",পিএমএসের সাধারণ সংবেদনশীল লক্ষণগুলি কী কী এবং মহিলারা কীভাবে তাদের সাথে মোকাবিলা করতে পারেন?,पीएमएसची सामान्य भावनिक लक्षणे कोणती आहेत आणि स्त्रिया त्यांचा सामना कसा करू शकतात?,پی ایم ایس کی عام جذباتی علامات کیا ہیں اور خواتین ان کا مقابلہ کیسے کرسکتی ہیں؟,PMS యొక్క సాధారణ భావోద్వేగ లక్షణాలు ఏమిటి మరియు మహిళలు వాటిని ఎలా ఎదుర్కోగలరు?,TRUE,stress,positive,Bengali
What is PMDD and how does it differ from PMS in terms of symptoms and treatment?,PMDD क्या है और यह लक्षणों और उपचार के मामले में PMS से कैसे भिन्न होता है?,What is PMDD and how does it differ from PMS in terms of symptoms and treatment ka kya solution hai?,diet_advice,general,general,"பி.எம்.டி.டி என்றால் என்ன, அறிகுறிகள் மற்றும் சிகிச்சையின் அடிப்படையில் இது பி.எம்.எஸ்ஸிலிருந்து எவ்வாறு வேறுபடுகிறது?",পিএমডিডি কী এবং লক্ষণ এবং চিকিত্সার ক্ষেত্রে এটি কীভাবে পিএমএস থেকে পৃথক হয়?,पीएमडीडी म्हणजे काय आणि लक्षणे आणि उपचारांच्या बाबतीत हे पीएमएसपेक्षा कसे वेगळे आहे?,پی ایم ڈی ڈی کیا ہے اور علامات اور علاج کے لحاظ سے یہ پی ایم ایس سے کیسے مختلف ہے؟,PMDD అంటే ఏమిటి మరియు లక్షణాలు మరియు చికిత్స పరంగా ఇది PMS నుండి ఎలా భిన్నంగా ఉంటుంది?,TRUE,stress,negative,Hinglish
How can teenage girls cope with anxiety and mood swings related to their menstrual cycle?,किशोर लड़कियां अपने मासिक धर्म से संबंधित चिंता और मूड झूलों का सामना कैसे कर सकती हैं?,How can teenage girls cope with anxiety and mood swings related to their menstrual cycle ka kya solution hai?,mental_wellness,mental wellness,"emotion, mental health, stress",டீனேஜ் பெண்கள் தங்கள் மாதவிடாய் சுழற்சியுடன் தொடர்புடைய கவலை மற்றும் மனநிலை மாற்றங்களை எவ்வாறு சமாளிக்க முடியும்?,কিশোরী মেয়েরা কীভাবে তাদের stru তুস্রাবের সাথে সম্পর্কিত উদ্বেগ এবং মেজাজের দোলগুলি মোকাবেলা করতে পারে?,किशोरवयीन मुली त्यांच्या मासिक पाळीशी संबंधित चिंता आणि मूड स्विंग्सचा सामना कसा करू शकतात?,نوعمر نوعمر لڑکیاں اپنے ماہواری سے متعلق پریشانی اور موڈ کے جھولوں کا مقابلہ کیسے کرسکتی ہیں؟,టీనేజ్ అమ్మాయిలు వారి stru తు చక్రానికి సంబంధించిన ఆందోళన మరియు మానసిక స్థితిని ఎలా ఎదుర్కోగలరు?,TRUE,stress,negative,Telugu
"What lifestyle habits (diet, exercise, sleep) support menstrual health and improve mental well-being?","क्या जीवनशैली की आदतें (आहार, व्यायाम, नींद) मासिक धर्म स्वास्थ्य का समर्थन करती हैं और मानसिक कल्याण में सुधार करती हैं?","What lifestyle habits (diet, exercise, sleep) support menstrual health and improve mental well-being ka kya solution hai?",mental_wellness,self-care,"coping, remedy, self-help","என்ன வாழ்க்கை முறை பழக்கம் (உணவு, உடற்பயிற்சி, தூக்கம்) மாதவிடாய் ஆரோக்கியத்தை ஆதரிக்கிறது மற்றும் மன நலனை மேம்படுத்துகிறது?","কোন জীবনযাত্রার অভ্যাস (ডায়েট, অনুশীলন, ঘুম) মাসিক স্বাস্থ্যকে সমর্থন করে এবং মানসিক সুস্থতার উন্নতি করে?","जीवनशैलीच्या सवयी (आहार, व्यायाम, झोप) मासिक पाळीच्या आरोग्यास कोणत्या गोष्टीस समर्थन देतात आणि मानसिक कल्याण सुधारतात?",طرز زندگی کی عادات (غذا ، ورزش ، نیند) ماہواری کی صحت کی تائید کرتی ہیں اور ذہنی تندرستی کو بہتر بناتی ہیں؟,"ఏ జీవనశైలి అలవాట్లు (ఆహారం, వ్యాయామం, నిద్ర) stru తు ఆరోగ్యానికి మద్దతు ఇస్తాయి మరియు మానసిక శ్రేయస్సును మెరుగుపరుస్తాయి?",TRUE,anxiety,positive,Bengali
What coping mechanisms can help alleviate stress-related menstrual irregularities?,क्या मैथुन तंत्र तनाव से संबंधित मासिक धर्म की अनियमितताओं को कम करने में मदद कर सकता है?,What coping mechanisms can help alleviate stress-related menstrual irregularities ka kya solution hai?,symptom_query,period health,"menstruation, pain, symptom",மன அழுத்தம் தொடர்பான மாதவிடாய் முறைகேடுகளைத் தணிக்க என்ன சமாளிக்கும் வழிமுறைகள் உதவும்?,কোন মোকাবিলার ব্যবস্থাগুলি স্ট্রেস-সম্পর্কিত stru তুস্রাবকে হ্রাস করতে সহায়তা করতে পারে?,तणाव-संबंधित मासिक पाळी कमी करण्यास कोणत्या गोष्टींचा सामना करण्याची यंत्रणा मदत करू शकते?,کون سے مقابلہ کرنے والے میکانزم تناؤ سے متعلق ماہواری کی بے قاعدگیوں کو دور کرنے میں مدد کرسکتے ہیں؟,ఒత్తిడి-సంబంధిత stru తు అవకతవకలను తగ్గించడానికి ఏ కోపింగ్ మెకానిజమ్స్ సహాయపడతాయి?,TRUE,stress,neutral,Urdu
What self-care techniques can reduce menstrual cramps and improve mood?,क्या स्व-देखभाल तकनीक मासिक धर्म की ऐंठन को कम कर सकती है और मूड में सुधार कर सकती है?,What self-care techniques can reduce menstrual cramps and improve mood ka kya solution hai?,symptom_query,period health,"menstruation, pain, symptom",என்ன சுய பாதுகாப்பு நுட்பங்கள் மாதவிடாய் பிடிப்புகளைக் குறைத்து மனநிலையை மேம்படுத்தலாம்?,কোন স্ব-যত্ন কৌশলগুলি stru তুস্রাবের বাধা হ্রাস করতে এবং মেজাজ উন্নত করতে পারে?,कोणती स्वयं-काळजी तंत्र मासिक पाळीची पेटके कमी करू शकते आणि मूड सुधारू शकते?,خود کی دیکھ بھال کی کون سی تکنیک ماہواری کے درد کو کم کرسکتی ہے اور موڈ کو بہتر بناسکتی ہے؟,ఏ స్వీయ-సంరక్షణ పద్ధతులు stru తు తిమ్మిరిని తగ్గిస్తాయి మరియు మానసిక స్థితిని మెరుగుపరుస్తాయి?,TRUE,fatigue,positive,Marathi
"How does PCOS affect mental health, and what support strategies can women use?","पीसीओएस मानसिक स्वास्थ्य को कैसे प्रभावित करता है, और महिलाएं क्या समर्थन रणनीतियों का उपयोग कर सकती हैं?","How does PCOS affect mental health, and what support strategies can women use ka kya solution hai?",mental_wellness,PCOS awareness,"PCOS, hormones","பி.சி.ஓ.எஸ் மன ஆரோக்கியத்தை எவ்வாறு பாதிக்கிறது, பெண்கள் என்ன ஆதரவு உத்திகளைப் பயன்படுத்தலாம்?",পিসিওএস কীভাবে মানসিক স্বাস্থ্যের উপর প্রভাব ফেলে এবং মহিলারা কোন সমর্থন কৌশল ব্যবহার করতে পারে?,पीसीओएस मानसिक आरोग्यावर कसा परिणाम करते आणि स्त्रिया कोणत्या समर्थनाची रणनीती वापरू शकतात?,پی سی او ایس ذہنی صحت کو کس طرح متاثر کرتا ہے ، اور خواتین کیا معاون حکمت عملی استعمال کرسکتی ہیں؟,PCOS మానసిక ఆరోగ్యాన్ని ఎలా ప్రభావితం చేస్తుంది మరియు మహిళలు ఏ సహాయక వ్యూహాలను ఉపయోగించగలరు?,TRUE,anxiety,neutral,Bengali
What mental health resources are helpful for women with severe PMS or menstrual mood disorders?,गंभीर पीएमएस या मासिक धर्म के मूड विकारों वाली महिलाओं के लिए कौन से मानसिक स्वास्थ्य संसाधन सहायक हैं?,What mental health resources are helpful for women with severe PMS or menstrual mood disorders ka kya solution hai?,mental_wellness,general,general,கடுமையான பி.எம்.எஸ் அல்லது மாதவிடாய் மனநிலை கோளாறுகள் உள்ள பெண்களுக்கு என்ன மனநல வளங்கள் உதவியாக இருக்கும்?,গুরুতর পিএমএস বা stru তুস্রাবের মেজাজের ব্যাধিযুক্ত মহিলাদের জন্য কোন মানসিক স্বাস্থ্য সংস্থান সহায়ক?,गंभीर पीएमएस किंवा मासिक पाळीच्या विकार असलेल्या महिलांसाठी कोणती मानसिक आरोग्य संसाधने उपयुक्त आहेत?,شدید پی ایم ایس یا ماہواری کے موڈ کی خرابی کی شکایت والی خواتین کے لئے کون سے ذہنی صحت کے وسائل مددگار ہیں؟,తీవ్రమైన PMS లేదా stru తు మూడ్ డిజార్డర్స్ ఉన్న మహిళలకు ఏ మానసిక ఆరోగ్య వనరులు సహాయపడతాయి?,TRUE,stress,positive,Telugu
How can menstrual health education improve mental wellness in adolescent girls?,मासिक धर्म स्वास्थ्य शिक्षा किशोर लड़कियों में मानसिक कल्याण में कैसे सुधार कर सकती है?,How can menstrual health education improve mental wellness in adolescent girls ka kya solution hai?,mental_wellness,general,general,மாதவிடாய் சுகாதார கல்வி இளம் பருவ சிறுமிகளில் மன ஆரோக்கியத்தை எவ்வாறு மேம்படுத்த முடியும்?,কীভাবে মাসিক স্বাস্থ্য শিক্ষা কিশোর -কিশোরীদের মধ্যে মানসিক সুস্থতার উন্নতি করতে পারে?,पौगंडावस्थेतील मुलींमध्ये मासिक पाळीचे आरोग्य शिक्षण कसे मानसिक निरोगीपणा सुधारू शकते?,ماہواری صحت کی تعلیم نوعمر لڑکیوں میں ذہنی تندرستی کو کس طرح بہتر بنا سکتی ہے؟,కౌమారదశలో ఉన్న అమ్మాయిలలో stru తు ఆరోగ్య విద్య మానసిక ఆరోగ్యాన్ని ఎలా మెరుగుపరుస్తుంది?,TRUE,cramps,negative,English
What are the symptoms of PMS?,पीएमएस के लक्षण क्या हैं?,What are the symptoms of PMS ka kya solution hai?,mental_wellness,general,general,PMS இன் அறிகுறிகள் என்ன?,পিএমএসের লক্ষণগুলি কী কী?,पीएमएसची लक्षणे कोणती आहेत?,پی ایم ایس کی علامات کیا ہیں؟,PMS యొక్క లక్షణాలు ఏమిటి?,TRUE,anxiety,positive,Hinglish
Why do I have cramps during my period?,मुझे अपनी अवधि के दौरान ऐंठन क्यों है?,Why do I have cramps during my period ka kya solution hai?,symptom_query,period health,"menstruation, pain, symptom",எனது காலகட்டத்தில் எனக்கு ஏன் பிடிப்புகள் உள்ளன?,আমার পিরিয়ডের সময় কেন বাধা আছে?,माझ्या कालावधीत माझ्याकडे पेटके का आहेत?,میں اپنی مدت کے دوران درد کیوں کرتا ہوں؟,నా కాలంలో నాకు తిమ్మిరి ఎందుకు ఉంది?,TRUE,irritability,positive,Hinglish
Is breast tenderness normal before periods?,क्या पीरियड से पहले स्तन कोमलता सामान्य है?,Is breast tenderness normal before periods ka kya solution hai?,symptom_query,general,general,காலங்களுக்கு முன் மார்பக மென்மை இயல்பானதா?,পিরিয়ডের আগে কি স্তনের কোমলতা স্বাভাবিক?,कालावधी आधी स्तन कोमलता सामान्य आहे का?,کیا مدت سے پہلے چھاتی کوملتا معمول ہے؟,కాలానికి ముందు రొమ్ము సున్నితత్వం సాధారణమా?,TRUE,cramps,neutral,Urdu
Why does my lower back hurt during menstruation?,मासिक धर्म के दौरान मेरी पीठ के निचले हिस्से में चोट क्यों लगती है?,Why does my lower back hurt during menstruation ka kya solution hai?,mental_wellness,general,general,மாதவிடாயின் போது என் கீழ் முதுகு ஏன் காயப்படுத்துகிறது?,কেন আমার নীচের পিঠটি stru তুস্রাবের সময় আঘাত করে?,मासिक पाळी दरम्यान माझ्या खालच्या पाठीला दुखापत का होते?,ماہواری کے دوران میری نچلی کمر کو تکلیف کیوں ہوتی ہے؟,Stru తుస్రావం సమయంలో నా వెనుక వీపు ఎందుకు బాధపడుతుంది?,TRUE,anxiety,negative,Urdu
What causes bloating before a period?,एक अवधि से पहले सूजन का क्या कारण है?,What causes bloating before a period ka kya solution hai?,symptom_query,period health,"menstruation, pain, symptom",ஒரு காலத்திற்கு முன்பே வீங்கியதற்கு என்ன காரணம்?,একটি পিরিয়ডের আগে ফুলে যাওয়ার কারণ কী?,कालावधीपूर्वी कशामुळे फुगणे होते?,ایک مدت سے پہلے پھولنے کی کیا وجہ ہے؟,కాలానికి ముందు ఉబ్బరం కారణమయ్యేది ఏమిటి?,TRUE,cramps,positive,Hindi
Is spotting between periods a concern?,क्या पीरियड्स के बीच स्पॉटिंग एक चिंता का विषय है?,Is spotting between periods a concern ka kya solution hai?,symptom_query,period health,"menstruation, pain, symptom",காலங்களுக்கு இடையில் இருப்பதைக் கண்டுபிடிப்பது கவலையா?,পিরিয়ডের মধ্যে স্পট করা কি উদ্বেগের বিষয়?,कालावधी दरम्यान स्पॉटिंग ही चिंता आहे का?,کیا ادوار کے درمیان نمایاں کرنا ایک تشویش ہے؟,కాలాల మధ్య గుర్తించడం ఆందోళన కలిగిస్తుందా?,TRUE,anxiety,positive,English
Why do I feel nauseous during my cycle?,मैं अपने चक्र के दौरान क्यों मिचली महसूस करता हूं?,Why do I feel nauseous during my cycle ka kya solution hai?,mental_wellness,general,general,எனது சுழற்சியின் போது நான் ஏன் குமட்டலை உணர்கிறேன்?,আমার চক্রের সময় কেন আমি বমি বমি ভাব বোধ করি?,माझ्या चक्रात मला मळमळ का वाटते?,میں اپنے چکر کے دوران کیوں متلی محسوس کرتا ہوں؟,నా చక్రంలో నేను ఎందుకు వికారం అనుభూతి చెందుతున్నాను?,TRUE,acne,neutral,Hindi
What is considered a heavy period?,एक भारी अवधि क्या माना जाता है?,What is considered a heavy period ka kya solution hai?,mental_wellness,general,general,கனமான காலம் என்று கருதப்படுவது என்ன?,ভারী সময় হিসাবে বিবেচিত কী?,जबरदस्त कालावधी काय मानला जातो?,بھاری مدت کو کیا سمجھا جاتا ہے؟,భారీ కాలంగా పరిగణించబడుతుంది?,TRUE,irritability,neutral,Telugu
Can periods cause headaches?,क्या अवधि सिरदर्द का कारण बन सकती है?,Can periods cause headaches ka kya solution hai?,symptom_query,general,general,காலங்கள் தலைவலியை ஏற்படுத்த முடியுமா?,পিরিয়ডগুলি মাথাব্যথার কারণ হতে পারে?,कालावधीमुळे डोकेदुखी होऊ शकते?,کیا ادوار سر درد کا سبب بن سکتا ہے؟,కాలాలు తలనొప్పికి కారణమవుతాయా?,TRUE,stress,negative,Hinglish
Why do I have acne before my period?,मेरी अवधि से पहले मेरे पास मुँहासे क्यों हैं?,Why do I have acne before my period ka kya solution hai?,mental_wellness,general,general,எனது காலத்திற்கு முன்பு எனக்கு ஏன் முகப்பரு இருக்கிறது?,আমার পিরিয়ডের আগে কেন ব্রণ আছে?,माझ्या कालावधीपूर्वी माझ्याकडे मुरुम का आहे?,میری مدت سے پہلے میرے پاس مہاسے کیوں ہیں؟,నా కాలానికి ముందు నాకు మొటిమలు ఎందుకు ఉన్నాయి?,TRUE,mood swings,negative,Telugu
What should I eat during my period?,मुझे अपनी अवधि के दौरान क्या खाना चाहिए?,What should I eat during my period ka kya solution hai?,diet_advice,general,general,எனது காலகட்டத்தில் நான் என்ன சாப்பிட வேண்டும்?,আমার পিরিয়ডের সময় আমার কী খাওয়া উচিত?,माझ्या काळात मी काय खावे?,مجھے اپنے دور میں کیا کھانا چاہئے؟,నా కాలంలో నేను ఏమి తినాలి?,TRUE,stress,neutral,Hinglish
Are bananas good for cramps?,क्या केले ऐंठन के लिए अच्छे हैं?,Are bananas good for cramps ka kya solution hai?,symptom_query,period health,"menstruation, pain, symptom",வாழைப்பழங்கள் பிடிப்புகளுக்கு நல்லதா?,কলা কি ক্র্যাম্পের জন্য ভাল?,केळी पेटके चांगले आहेत का?,کیا کیلے درد کے ل good اچھے ہیں؟,అరటిపండ్లు తిమ్మిరికి మంచివిగా ఉన్నాయా?,TRUE,bloating,positive,Hinglish
Should I avoid caffeine during periods?,क्या मुझे अवधि के दौरान कैफीन से बचना चाहिए?,Should I avoid caffeine during periods ka kya solution hai?,mental_wellness,general,general,காலங்களில் நான் காஃபின் தவிர்க்க வேண்டுமா?,আমি কি পিরিয়ড চলাকালীন ক্যাফিন এড়ানো উচিত?,मी कालखंडात कॅफिन टाळावे?,کیا مجھے ادوار کے دوران کیفین سے گریز کرنا چاہئے؟,కాలాల్లో నేను కెఫిన్‌ను నివారించాలా?,TRUE,headache,positive,Hindi
Can chocolate help during PMS?,क्या चॉकलेट पीएमएस के दौरान मदद कर सकता है?,Can chocolate help during PMS ka kya solution hai?,mental_wellness,general,general,PMS இன் போது சாக்லேட் உதவ முடியுமா?,চকোলেট পিএমএসের সময় সহায়তা করতে পারে?,पीएमएस दरम्यान चॉकलेट मदत करू शकते?,کیا پی ایم ایس کے دوران چاکلیٹ مدد کرسکتا ہے؟,PMS సమయంలో చాక్లెట్ సహాయం చేయగలదా?,TRUE,irritability,neutral,Hinglish
What drinks reduce bloating in periods?,क्या पेय पीरियड्स में सूजन को कम करते हैं?,What drinks reduce bloating in periods ka kya solution hai?,symptom_query,period health,"menstruation, pain, symptom",என்ன பானங்கள் காலங்களில் வீக்கத்தை குறைக்கின்றன?,কি পানীয়গুলি পিরিয়ডে ফুলে যাওয়া হ্রাস করে?,कोणत्या पेयांनी कालावधीत फुगणे कमी केले?,کون سے مشروبات ادوار میں اپھارہ کم کرتے ہیں؟,ఏ పానీయాలు కాలాల్లో ఉబ్బరం తగ్గిస్తాయి?,TRUE,mood swings,positive,Urdu
Are dairy products safe to eat during menstruation?,क्या मासिक धर्म के दौरान डेयरी उत्पाद खाने के लिए सुरक्षित हैं?,Are dairy products safe to eat during menstruation ka kya solution hai?,diet_advice,general,general,பால் பொருட்கள் மாதவிடாயின் போது சாப்பிட பாதுகாப்பானதா?,Stru তুস্রাবের সময় দুগ্ধজাত পণ্যগুলি কি খেতে নিরাপদ?,मासिक पाळी दरम्यान दुग्धजन्य पदार्थ खाण्यासाठी सुरक्षित आहेत का?,کیا دودھ کی مصنوعات حیض کے دوران کھانے کے لئے محفوظ ہیں؟,Stru తుస్రావం సమయంలో పాడి ఉత్పత్తులు తినడానికి సురక్షితంగా ఉన్నాయా?,TRUE,cramps,negative,English
What fruits are helpful during periods?,अवधि के दौरान कौन से फल सहायक होते हैं?,What fruits are helpful during periods ka kya solution hai?,mental_wellness,general,general,காலங்களில் என்ன பழங்கள் உதவியாக இருக்கும்?,পিরিয়ড চলাকালীন কোন ফলগুলি সহায়ক?,कालावधी दरम्यान कोणती फळे उपयुक्त असतात?,ادوار کے دوران کون سے پھل مددگار ثابت ہوتے ہیں؟,కాలాలలో ఏ పండ్లు సహాయపడతాయి?,TRUE,stress,neutral,Hindi
Is spicy food bad during menstruation?,क्या मासिक धर्म के दौरान मसालेदार भोजन खराब है?,Is spicy food bad during menstruation ka kya solution hai?,diet_advice,general,general,மாதவிடாயின் போது காரமான உணவு மோசமாக இருக்கிறதா?,মশলাদার খাবারটি stru তুস্রাবের সময় খারাপ?,मासिक पाळी दरम्यान मसालेदार अन्न खराब आहे का?,کیا حیض کے دوران مسالہ دار کھانا خراب ہے؟,Stru తుస్రావం సమయంలో మసాలా ఆహారం చెడ్డదా?,TRUE,headache,negative,Telugu
Can drinking water help with cramps?,क्या पीने का पानी ऐंठन के साथ मदद कर सकता है?,Can drinking water help with cramps ka kya solution hai?,symptom_query,period health,"menstruation, pain, symptom",பிடிப்புகளுக்கு குடிநீர் உதவ முடியுமா?,জল খাওয়ানো কি বাধা দিয়ে সাহায্য করতে পারে?,पिण्याचे पाणी पेटके सह मदत करू शकते?,کیا پینے کا پانی درد میں مدد کرسکتا ہے؟,తాగునీరు తిమ్మిరితో సహాయపడుతుందా?,TRUE,irritability,neutral,Telugu
What is a good diet plan for PMS?,पीएमएस के लिए एक अच्छी आहार योजना क्या है?,What is a good diet plan for PMS ka kya solution hai?,diet_advice,self-care,"coping, remedy, self-help",PMS க்கு நல்ல உணவுத் திட்டம் என்ன?,পিএমএসের জন্য একটি ভাল ডায়েট পরিকল্পনা কী?,पीएमएससाठी चांगली आहार योजना काय आहे?,پی ایم ایس کے لئے ایک اچھا غذا کا منصوبہ کیا ہے؟,PMS కోసం మంచి డైట్ ప్లాన్ అంటే ఏమిటి?,TRUE,stress,negative,Hinglish
Why do I feel emotional before my period?,मैं अपनी अवधि से पहले भावुक क्यों महसूस करता हूं?,Why do I feel emotional before my period ka kya solution hai?,mental_wellness,general,general,எனது காலத்திற்கு முன்பே நான் ஏன் உணர்ச்சிவசப்படுகிறேன்?,আমার পিরিয়ডের আগে কেন আমি সংবেদনশীল বোধ করি?,माझ्या कालावधीपूर्वी मला भावनिक का वाटते?,میں اپنی مدت سے پہلے جذباتی کیوں محسوس کرتا ہوں؟,నా కాలానికి ముందు నేను ఎందుకు భావోద్వేగానికి లోనవుతాను?,TRUE,low energy,positive,Hinglish
How can I manage period mood swings?,मैं पीरियड मिजाज का प्रबंधन कैसे कर सकता हूं?,How can I manage period mood swings ka kya solution hai?,mental_wellness,mental wellness,"emotion, mental health, stress",கால மனநிலை ஊசலாட்டங்களை நான் எவ்வாறு நிர்வகிக்க முடியும்?,আমি কীভাবে পিরিয়ড মেজাজের দোল পরিচালনা করতে পারি?,मी पीरियड मूड स्विंग्स कसे व्यवस्थापित करू?,میں کس طرح مدت کے موڈ کے جھولوں کا انتظام کرسکتا ہوں؟,నేను పీరియడ్ మూడ్ స్వింగ్స్‌ను ఎలా నిర్వహించగలను?,TRUE,cramps,neutral,Hinglish
Is anxiety before periods normal?,अवधि सामान्य से पहले चिंता है?,Is anxiety before periods normal ka kya solution hai?,mental_wellness,mental wellness,"emotion, mental health, stress",காலங்களுக்கு முன் கவலை இயல்பானதா?,পিরিয়ডের আগে উদ্বেগ কি স্বাভাবিক?,कालखंडातील चिंता सामान्य आहे का?,کیا مدت معمول سے پہلے بے چینی ہے؟,కాలానికి ముందు ఆందోళన సాధారణమా?,TRUE,mood swings,neutral,Telugu
What can help with period-related depression?,अवधि से संबंधित अवसाद के साथ क्या मदद कर सकता है?,What can help with period-related depression ka kya solution hai?,mental_wellness,mental wellness,"emotion, mental health, stress",காலம் தொடர்பான மனச்சோர்வுக்கு என்ன உதவ முடியும்?,পিরিয়ড-সম্পর্কিত হতাশায় কী সাহায্য করতে পারে?,कालावधीशी संबंधित औदासिन्यास काय मदत करू शकते?,مدت سے متعلق افسردگی میں کیا مدد مل سکتی ہے؟,పీరియడ్-సంబంధిత నిరాశకు ఏమి సహాయపడుతుంది?,TRUE,headache,positive,Telugu
Does stress delay periods?,क्या तनाव में देरी होती है?,Does stress delay periods ka kya solution hai?,mental_wellness,mental wellness,"emotion, mental health, stress",மன அழுத்த தாமத காலமா?,স্ট্রেস বিলম্বের সময়কাল?,तणाव कालावधी विलंब करते?,کیا تناؤ میں تاخیر کی مدت ہوتی ہے؟,ఒత్తిడి ఆలస్యం కాలాలు?,TRUE,irritability,negative,Marathi
Can meditation help during menstruation?,क्या मासिक धर्म के दौरान ध्यान मदद कर सकता है?,Can meditation help during menstruation ka kya solution hai?,mental_wellness,general,general,மாதவிடாயின் போது தியான உதவ முடியுமா?,ধ্যান মাসিক সময় সাহায্য করতে পারে?,मासिक पाळी दरम्यान ध्यान मदत करू शकते?,کیا ماہواری کے دوران مراقبہ مدد کرسکتا ہے؟,Stru తుస్రావం సమయంలో ధ్యానం సహాయం చేయగలదా?,TRUE,bloating,positive,Urdu
Why do I feel overwhelmed before periods?,मैं अवधि से पहले अभिभूत क्यों महसूस करता हूं?,Why do I feel overwhelmed before periods ka kya solution hai?,mental_wellness,general,general,காலங்களுக்கு முன்பே நான் ஏன் அதிகமாக உணர்கிறேன்?,আমি কেন পিরিয়ডের আগে অভিভূত বোধ করি?,पूर्णविरामापूर्वी मी भारावून का जाणवते?,میں ادوار سے پہلے کیوں مغلوب ہوں؟,కాలానికి ముందు నేను ఎందుకు మునిగిపోయాను?,TRUE,irritability,negative,Urdu
Can periods affect mental clarity?,क्या अवधि मानसिक स्पष्टता को प्रभावित कर सकती है?,Can periods affect mental clarity ka kya solution hai?,mental_wellness,general,general,காலங்கள் மன தெளிவை பாதிக்குமா?,পিরিয়ডগুলি মানসিক স্বচ্ছতা প্রভাবিত করতে পারে?,कालावधी मानसिक स्पष्टतेवर परिणाम करू शकतात?,کیا ادوار ذہنی وضاحت کو متاثر کرسکتا ہے؟,కాలాలు మానసిక స్పష్టతను ప్రభావితం చేస్తాయా?,TRUE,anxiety,neutral,Tamil
How to deal with irritability during PMS?,पीएमएस के दौरान चिड़चिड़ापन से कैसे निपटें?,How to deal with irritability during PMS ka kya solution hai?,mental_wellness,general,general,PMS இன் போது எரிச்சலை எவ்வாறு கையாள்வது?,কীভাবে পিএমএসের সময় বিরক্তিকর মোকাবেলা করবেন?,पीएमएस दरम्यान चिडचिडेपणाचा सामना कसा करावा?,پی ایم ایس کے دوران چڑچڑاپن سے نمٹنے کے لئے کیسے؟,PMS సమయంలో చిరాకుతో ఎలా వ్యవహరించాలి?,TRUE,stress,negative,English
Is it normal to cry easily before a period?,क्या किसी अवधि से पहले आसानी से रोना सामान्य है?,Is it normal to cry easily before a period ka kya solution hai?,mental_wellness,mental wellness,"emotion, mental health, stress",ஒரு காலத்திற்கு முன்பே எளிதாக அழுவது இயல்பானதா?,পিরিয়ডের আগে সহজেই কাঁদানো কি স্বাভাবিক?,कालावधीपूर्वी सहजपणे रडणे सामान्य आहे का?,کیا کسی مدت سے پہلے آسانی سے رونا عام ہے؟,కాలానికి ముందు సులభంగా ఏడవడం సాధారణమేనా?,TRUE,acne,neutral,Telugu
Can I exercise during my period?,क्या मैं अपनी अवधि के दौरान व्यायाम कर सकता हूं?,Can I exercise during my period ka kya solution hai?,exercise_guidance,self-care,"coping, remedy, self-help",எனது காலகட்டத்தில் நான் உடற்பயிற்சி செய்யலாமா?,আমি কি আমার সময়কালে অনুশীলন করতে পারি?,मी माझ्या कालावधीत व्यायाम करू शकतो?,کیا میں اپنی مدت کے دوران ورزش کرسکتا ہوں؟,నా కాలంలో నేను వ్యాయామం చేయవచ్చా?,TRUE,headache,positive,English
Is yoga good for period cramps?,क्या योग पीरियड ऐंठन के लिए अच्छा है?,Is yoga good for period cramps ka kya solution hai?,symptom_query,period health,"menstruation, pain, symptom",கால பிடிப்புகளுக்கு யோகா நல்லதா?,পিরিয়ড ক্র্যাম্পের জন্য যোগব্যায়াম কি ভাল?,योगा कालावधीच्या पेट्यांसाठी योग चांगला आहे का?,کیا یوگا مدت کے درد کے ل good اچھا ہے؟,పీరియడ్ తిమ్మిరి కోసం యోగా మంచిదా?,TRUE,headache,negative,Marathi
Should I avoid running during menstruation?,क्या मुझे मासिक धर्म के दौरान दौड़ने से बचना चाहिए?,Should I avoid running during menstruation ka kya solution hai?,exercise_guidance,general,general,மாதவிடாயின் போது நான் ஓடுவதைத் தவிர்க்க வேண்டுமா?,আমি stru তুস্রাবের সময় দৌড়াতে এড়ানো উচিত?,मी मासिक पाळी दरम्यान धावणे टाळावे?,کیا مجھے حیض کے دوران بھاگنے سے گریز کرنا چاہئے؟,నేను stru తుస్రావం సమయంలో పరిగెత్తకుండా ఉండాలా?,TRUE,anxiety,negative,Hinglish
Does stretching reduce period pain?,क्या स्ट्रेचिंग पीरियड दर्द को कम करता है?,Does stretching reduce period pain ka kya solution hai?,symptom_query,period health,"menstruation, pain, symptom",நீட்டிப்பது கால வலியைக் குறைக்கிறதா?,প্রসারিত কি পিরিয়ড ব্যথা হ্রাস করে?,स्ट्रेचिंगमुळे कालावधी वेदना कमी होते?,کیا کھینچنے سے مدت میں درد کم ہوتا ہے؟,సాగదీయడం పీరియడ్ నొప్పిని తగ్గిస్తుందా?,TRUE,low energy,positive,Hindi
What exercises are best for PMS?,पीएमएस के लिए कौन से अभ्यास सबसे अच्छे हैं?,What exercises are best for PMS ka kya solution hai?,exercise_guidance,self-care,"coping, remedy, self-help",PMS க்கு என்ன பயிற்சிகள் சிறந்தவை?,পিএমএসের জন্য কোন অনুশীলনগুলি সবচেয়ে ভাল?,पीएमएससाठी कोणते व्यायाम सर्वोत्तम आहेत?,پی ایم ایس کے لئے کون سی مشقیں بہترین ہیں؟,PMS కి ఏ వ్యాయామాలు ఉత్తమమైనవి?,TRUE,headache,positive,Marathi
Can swimming help with cramps?,क्या तैराकी ऐंठन के साथ मदद कर सकता है?,Can swimming help with cramps ka kya solution hai?,symptom_query,period health,"menstruation, pain, symptom",பிடிப்புகளுக்கு நீச்சல் உதவ முடியுமா?,সাঁতার কাটতে কি বাধা সাহায্য করতে পারে?,पेटके पेटण्यास मदत करू शकतात?,کیا تیراکی کے درد میں مدد مل سکتی ہے؟,తిమ్మిరితో ఈత సహాయం చేయగలదా?,TRUE,cramps,negative,Urdu
Is walking safe during heavy flow?,क्या भारी प्रवाह के दौरान सुरक्षित चलना है?,Is walking safe during heavy flow ka kya solution hai?,mental_wellness,period health,"menstruation, pain, symptom",கனமான ஓட்டத்தின் போது நடைபயிற்சி பாதுகாப்பாக இருக்கிறதா?,ভারী প্রবাহের সময় কি নিরাপদ হাঁটা নিরাপদ?,जड प्रवाहात चालणे सुरक्षित आहे का?,کیا بھاری بہاؤ کے دوران چلنا محفوظ ہے؟,భారీ ప్రవాహం సమయంలో నడక సురక్షితంగా ఉందా?,TRUE,bloating,negative,Tamil
Should I take rest or workout during periods?,क्या मुझे अवधि के दौरान आराम या कसरत करनी चाहिए?,Should I take rest or workout during periods ka kya solution hai?,exercise_guidance,general,general,காலங்களில் நான் ஓய்வு அல்லது வொர்க்அவுட்டை எடுக்க வேண்டுமா?,আমার কি পিরিয়ড চলাকালীন বিশ্রাম বা ওয়ার্কআউট নেওয়া উচিত?,मी कालावधी दरम्यान विश्रांती घ्यावी किंवा कसरत करावी?,کیا مجھے ادوار کے دوران آرام یا ورزش کرنا چاہئے؟,కాలాల్లో నేను విశ్రాంతి లేదా వ్యాయామం తీసుకోవాలా?,TRUE,bloating,negative,Marathi
Does physical activity affect cycle length?,क्या शारीरिक गतिविधि चक्र की लंबाई को प्रभावित करती है?,Does physical activity affect cycle length ka kya solution hai?,exercise_guidance,general,general,உடல் செயல்பாடு சுழற்சி நீளத்தை பாதிக்கிறதா?,শারীরিক ক্রিয়াকলাপ কি চক্রের দৈর্ঘ্যকে প্রভাবিত করে?,शारीरिक क्रियाकलाप चक्र लांबीवर परिणाम करते?,کیا جسمانی سرگرمی سائیکل کی لمبائی کو متاثر کرتی ہے؟,శారీరక శ్రమ చక్రం పొడవును ప్రభావితం చేస్తుందా?,TRUE,fatigue,neutral,Hinglish
Can dancing help relieve PMS symptoms?,क्या नृत्य पीएमएस लक्षणों को राहत देने में मदद कर सकता है?,Can dancing help relieve PMS symptoms ka kya solution hai?,mental_wellness,general,general,நடனம் பி.எம்.எஸ் அறிகுறிகளை அகற்ற உதவ முடியுமா?,নাচ কি পিএমএসের লক্ষণগুলি উপশম করতে সহায়তা করতে পারে?,नृत्य पीएमएस लक्षणे कमी करण्यास मदत करू शकते?,کیا رقص پی ایم ایس علامات کو دور کرنے میں مدد کرسکتا ہے؟,PMS లక్షణాల నుండి ఉపశమనం పొందటానికి డ్యాన్స్ సహాయపడుతుందా?,TRUE,anxiety,neutral,Hindi
Can I get pregnant on my period?,क्या मैं अपनी अवधि में गर्भवती हो सकती हूं?,Can I get pregnant on my period ka kya solution hai?,myth_busting,general,general,எனது காலகட்டத்தில் நான் கர்ப்பமாக இருக்க முடியுமா?,আমি কি আমার পিরিয়ডে গর্ভবতী হতে পারি?,मी माझ्या कालावधीत गर्भवती होऊ शकतो?,کیا میں اپنی مدت پر حاملہ ہوسکتا ہوں؟,నా వ్యవధిలో నేను గర్భవతి కాగలనా?,TRUE,bloating,neutral,Urdu
Do periods sync with the moon?,क्या अवधि चंद्रमा के साथ सिंक करती है?,Do periods sync with the moon ka kya solution hai?,myth_busting,general,general,காலங்கள் சந்திரனுடன் ஒத்திசைக்கிறதா?,পিরিয়ডগুলি কি চাঁদের সাথে সিঙ্ক করে?,कालावधी चंद्राशी संकालित करतात?,کیا مدت چاند کے ساتھ ہم آہنگ ہے؟,కాలాలు చంద్రునితో సమకాలీకరిస్తాయా?,TRUE,low energy,negative,Urdu
Is period blood dirty?,क्या पीरियड ब्लड गंदा है?,Is period blood dirty ka kya solution hai?,myth_busting,general,general,காலம் இரத்தம் அழுக்காக இருக்கிறதா?,পিরিয়ড রক্ত কি নোংরা?,कालावधी रक्त गलिच्छ आहे?,کیا مدت خون گندا ہے؟,కాలం రక్తం మురికిగా ఉందా?,TRUE,headache,positive,English
Can tampons take away virginity?,क्या टैम्पोन वर्जिनिटी ले सकते हैं?,Can tampons take away virginity ka kya solution hai?,myth_busting,general,general,டம்பான்கள் கன்னித்தன்மையை பறிக்க முடியுமா?,ট্যাম্পনরা কি কুমারীত্ব কেড়ে নিতে পারে?,टॅम्पन्स कौमार्य काढून घेऊ शकतात?,کیا ٹیمپون کنواری کو دور کرسکتے ہیں؟,టాంపోన్లు కన్యత్వాన్ని తీసివేయగలరా?,TRUE,low energy,neutral,Telugu
Should I not go to temples during periods?,क्या मुझे अवधि के दौरान मंदिरों में नहीं जाना चाहिए?,Should I not go to temples during periods ka kya solution hai?,mental_wellness,general,general,காலங்களில் நான் கோயில்களுக்கு செல்ல வேண்டாமா?,আমার কি পিরিয়ড চলাকালীন মন্দিরে যাওয়া উচিত নয়?,मी कालखंडात मंदिरात जाऊ नये?,کیا مجھے ادوار کے دوران مندروں میں نہیں جانا چاہئے؟,కాలాల్లో నేను దేవాలయాలకు వెళ్లకూడదా?,TRUE,mood swings,neutral,Hinglish
Does eating sour food stop periods?,क्या खट्टा खाना खाने से अवधि होती है?,Does eating sour food stop periods ka kya solution hai?,diet_advice,general,general,புளிப்பு உணவு சாப்பிடுவது காலங்களை நிறுத்துமா?,টক খাবার খাওয়া কি পিরিয়ড স্টপ পিরিয়ড?,आंबट अन्न खाणे कालावधी थांबवते?,کیا کھٹا کھانا کھاتا ہے ادوار؟,పుల్లని ఫుడ్ తినడం పీరియడ్ అవుతుందా?,TRUE,bloating,neutral,Tamil
Are irregular periods always a sign of illness?,क्या अनियमित अवधि हमेशा बीमारी का संकेत देती है?,Are irregular periods always a sign of illness ka kya solution hai?,symptom_query,period health,"menstruation, pain, symptom",ஒழுங்கற்ற காலங்கள் எப்போதும் நோயின் அடையாளமா?,অনিয়মিত সময়কাল কি সবসময় অসুস্থতার লক্ষণ?,अनियमित कालावधी नेहमीच आजाराचे लक्षण असतात?,کیا فاسد ادوار ہمیشہ بیماری کی علامت ہیں؟,సక్రమంగా లేని కాలాలు ఎల్లప్పుడూ అనారోగ్యానికి సంకేతంగా ఉన్నాయా?,TRUE,anxiety,positive,English
Can bathing delay periods?,क्या स्नान में देरी की अवधि हो सकती है?,Can bathing delay periods ka kya solution hai?,mental_wellness,general,general,குளியல் தாமத காலங்கள் முடியுமா?,স্নানের বিলম্বের সময়কাল কি পারে?,आंघोळीसाठी विलंब कालावधी?,کیا نہانے میں تاخیر ہوسکتی ہے؟,స్నానం చేసే ఆలస్యం కాలాలు?,TRUE,acne,positive,Hinglish
Is it bad to talk about periods openly?,क्या खुले तौर पर अवधि के बारे में बात करना बुरा है?,Is it bad to talk about periods openly ka kya solution hai?,mental_wellness,general,general,காலங்களைப் பற்றி வெளிப்படையாகப் பேசுவது மோசமானதா?,পিরিয়ড সম্পর্কে খোলামেলা কথা বলা কি খারাপ?,पूर्णविरामांविषयी बोलणे वाईट आहे का?,کیا ادوار کے بارے میں کھل کر بات کرنا برا ہے؟,కాలాల గురించి బహిరంగంగా మాట్లాడటం చెడ్డదా?,TRUE,bloating,negative,Urdu
Does using a pad overnight cause infections?,क्या रात भर पैड का उपयोग करने से संक्रमण होता है?,Does using a pad overnight cause infections ka kya solution hai?,mental_wellness,general,general,ஒரே இரவில் ஒரு திண்டு பயன்படுத்துவது தொற்றுநோய்களை ஏற்படுத்துமா?,রাতারাতি প্যাড ব্যবহার করে কি সংক্রমণের কারণ হয়?,रात्रभर पॅड वापरल्याने संसर्ग होतो?,کیا راتوں رات پیڈ کا استعمال انفیکشن کا سبب بنتا ہے؟,పాడ్ రాత్రిపూట ఉపయోగించడం వల్ల అంటువ్యాధులు కారణమవుతాయా?,TRUE,stress,neutral,Tamil
My period cramps are really painful this month; what can I do to feel better?,मेरी पीरियड ऐंठन इस महीने वास्तव में दर्दनाक है; मैं बेहतर महसूस करने के लिए क्या कर सकता हूं?,My period cramps are really painful this month; what can I do to feel better ka kya solution hai?,symptom_query,period health,"menstruation, pain, symptom",எனது கால பிடிப்புகள் இந்த மாதத்தில் மிகவும் வேதனையானவை; நன்றாக உணர நான் என்ன செய்ய முடியும்?,আমার পিরিয়ড ক্র্যাম্পগুলি এই মাসে সত্যিই বেদনাদায়ক; আমি আরও ভাল অনুভব করতে কি করতে পারি?,या महिन्यात माझे कालावधी पेटके खरोखर वेदनादायक आहेत; चांगले वाटण्यासाठी मी काय करू शकतो?,اس مہینے میں میرے دورانیے کے درد واقعی تکلیف دہ ہیں۔ میں بہتر محسوس کرنے کے لئے کیا کرسکتا ہوں؟,నా కాలం తిమ్మిరి ఈ నెలలో నిజంగా బాధాకరంగా ఉంది; మంచి అనుభూతి చెందడానికి నేను ఏమి చేయగలను?,TRUE,stress,neutral,Telugu
I'm getting intense lower back pain during my period; is that normal and how can I relieve it?,मुझे अपनी अवधि के दौरान तीव्र कम पीठ दर्द हो रहा है; क्या यह सामान्य है और मैं इसे कैसे राहत दे सकता हूं?,I'm getting intense lower back pain during my period; is that normal and how can I relieve it ka kya solution hai?,symptom_query,general,general,"எனது காலகட்டத்தில் நான் தீவிரமான குறைந்த முதுகுவலியைப் பெறுகிறேன்; அது சாதாரணமா, அதை நான் எவ்வாறு நீக்க முடியும்?",আমি আমার পিরিয়ডে তীব্র নিম্ন পিঠে ব্যথা পাচ্ছি; এটি কি স্বাভাবিক এবং আমি কীভাবে এটি মুক্তি দিতে পারি?,माझ्या कालावधीत मला कमी पाठदुखीचा त्रास होत आहे; ते सामान्य आहे आणि मी ते कसे मुक्त करू शकतो?,میں اپنی مدت کے دوران کمر کی شدید درد ہو رہا ہوں۔ کیا یہ معمول ہے اور میں اسے کیسے فارغ کرسکتا ہوں؟,నా కాలంలో నేను తక్కువ వెన్నునొప్పిని పొందుతున్నాను; అది సాధారణమా మరియు నేను దాన్ని ఎలా ఉపశమనం చేయగలను?,TRUE,anxiety,neutral,Telugu
"I have very heavy bleeding every month; is this normal, and what should I do about it?","मुझे हर महीने बहुत भारी रक्तस्राव होता है; क्या यह सामान्य है, और मुझे इसके बारे में क्या करना चाहिए?","I have very heavy bleeding every month; is this normal, and what should I do about it ka kya solution hai?",symptom_query,general,general,"ஒவ்வொரு மாதமும் எனக்கு மிகவும் கனமான இரத்தப்போக்கு உள்ளது; இது இயல்பானதா, இதைப் பற்றி நான் என்ன செய்ய வேண்டும்?","প্রতি মাসে আমার খুব ভারী রক্তপাত হয়; এটি কি স্বাভাবিক, এবং এটি সম্পর্কে আমার কী করা উচিত?",मला दरमहा खूप जास्त रक्तस्त्राव होतो; हे सामान्य आहे आणि मी त्याबद्दल काय करावे?,مجھے ہر مہینے بہت زیادہ خون بہہ رہا ہے۔ کیا یہ معمول ہے ، اور مجھے اس کے بارے میں کیا کرنا چاہئے؟,"నాకు ప్రతి నెలా చాలా భారీ రక్తస్రావం ఉంటుంది; ఇది సాధారణమే, దాని గురించి నేను ఏమి చేయాలి?",TRUE,low energy,negative,English
I feel extremely tired and low on energy during my period; how can I boost my energy levels?,मैं अपनी अवधि के दौरान ऊर्जा पर बेहद थका हुआ और कम महसूस करता हूं; मैं अपनी ऊर्जा के स्तर को कैसे बढ़ा सकता हूं?,I feel extremely tired and low on energy during my period; how can I boost my energy levels ka kya solution hai?,mental_wellness,general,general,எனது காலகட்டத்தில் நான் மிகவும் சோர்வாகவும் ஆற்றலைக் குறைவாகவும் உணர்கிறேன்; எனது ஆற்றல் அளவை எவ்வாறு அதிகரிக்க முடியும்?,আমি আমার সময়কালে অত্যন্ত ক্লান্ত এবং শক্তিতে কম বোধ করি; আমি কীভাবে আমার শক্তির মাত্রা বাড়িয়ে তুলতে পারি?,मी माझ्या कालावधीत अत्यंत थकल्यासारखे आणि उर्जा कमी वाटते; मी माझ्या उर्जा पातळीला कसे चालना देऊ?,میں اپنی مدت کے دوران انتہائی تھکا ہوا اور کم توانائی محسوس کرتا ہوں۔ میں اپنی توانائی کی سطح کو کس طرح بڑھا سکتا ہوں؟,నా కాలంలో నేను చాలా అలసటతో మరియు శక్తి తక్కువగా ఉన్నాను; నా శక్తి స్థాయిలను ఎలా పెంచగలను?,TRUE,cramps,negative,Tamil
I'm experiencing intense bloating and fatigue before my period; why is this happening and what can I do?,मैं अपनी अवधि से पहले तीव्र सूजन और थकान का अनुभव कर रहा हूं; ऐसा क्यों हो रहा है और मैं क्या कर सकता हूं?,I'm experiencing intense bloating and fatigue before my period; why is this happening and what can I do ka kya solution hai?,symptom_query,period health,"menstruation, pain, symptom","எனது காலத்திற்கு முன்பே தீவிர வீக்கம் மற்றும் சோர்வு ஆகியவற்றை நான் அனுபவிக்கிறேன்; இது ஏன் நடக்கிறது, நான் என்ன செய்ய முடியும்?",আমি আমার পিরিয়ডের আগে তীব্র ফোলাভাব এবং ক্লান্তি অনুভব করছি; কেন এটি ঘটছে এবং আমি কী করতে পারি?,मी माझ्या कालावधीपूर्वी तीव्र फुगलेला आणि थकवा अनुभवत आहे; हे का होत आहे आणि मी काय करू शकतो?,میں اپنی مدت سے پہلے شدید پھولنے اور تھکاوٹ کا سامنا کر رہا ہوں۔ یہ کیوں ہو رہا ہے اور میں کیا کرسکتا ہوں؟,నేను నా కాలానికి ముందు తీవ్రమైన ఉబ్బరం మరియు అలసటను అనుభవిస్తున్నాను; ఇది ఎందుకు జరుగుతోంది మరియు నేను ఏమి చేయగలను?,TRUE,anxiety,negative,Telugu
I'm seeing a lot of dark blood clots in my menstrual flow; should I worry and what does it mean?,मैं अपने मासिक धर्म के प्रवाह में बहुत सारे गहरे रक्त के थक्के देख रहा हूं; क्या मुझे चिंता करनी चाहिए और इसका क्या मतलब है?,I'm seeing a lot of dark blood clots in my menstrual flow; should I worry and what does it mean ka kya solution hai?,symptom_query,period health,"menstruation, pain, symptom","என் மாதவிடாய் ஓட்டத்தில் நிறைய இருண்ட இரத்த உறைவுகளை நான் காண்கிறேன்; நான் கவலைப்பட வேண்டுமா, அதன் அர்த்தம் என்ன?",আমি আমার stru তুস্রাবের প্রবাহে প্রচুর গা dark ় রক্তের জমাট দেখছি; আমার চিন্তা করা উচিত এবং এর অর্থ কী?,मी माझ्या मासिक पाळीमध्ये बर्‍याच गडद रक्ताच्या गुठळ्या पहात आहे; मी काळजी करावी आणि याचा अर्थ काय?,میں اپنے ماہواری کے بہاؤ میں خون کے بہت سارے جمنے دیکھ رہا ہوں۔ مجھے پریشان ہونا چاہئے اور اس کا کیا مطلب ہے؟,నా stru తు ప్రవాహంలో నేను చాలా చీకటి రక్తం గడ్డకట్టడం చూస్తున్నాను; నేను ఆందోళన చెందాలా మరియు దాని అర్థం ఏమిటి?,TRUE,low energy,positive,Tamil
I feel nauseous and have headaches on the first day of my period; is that normal and how can I manage it?,मैं मिचली महसूस करता हूं और मेरी अवधि के पहले दिन सिरदर्द होता है; क्या यह सामान्य है और मैं इसे कैसे प्रबंधित कर सकता हूं?,I feel nauseous and have headaches on the first day of my period; is that normal and how can I manage it ka kya solution hai?,symptom_query,general,general,"நான் குமட்டல் உணர்கிறேன், எனது காலத்தின் முதல் நாளில் தலைவலி இருக்கிறது; அது இயல்பானதா, அதை நான் எவ்வாறு நிர்வகிக்க முடியும்?",আমি বমি বমি ভাব বোধ করি এবং আমার পিরিয়ডের প্রথম দিনে মাথা ব্যথা করি; এটি কি স্বাভাবিক এবং আমি কীভাবে এটি পরিচালনা করতে পারি?,माझ्या कालावधीच्या पहिल्या दिवशी मला मळमळ वाटते आणि डोकेदुखी आहे; ते सामान्य आहे आणि मी ते कसे व्यवस्थापित करू शकतो?,میں متلی محسوس کرتا ہوں اور اپنے دور کے پہلے دن سر درد کرتا ہوں۔ کیا یہ معمول ہے اور میں اس کا انتظام کیسے کرسکتا ہوں؟,నా కాలం మొదటి రోజున నేను వికారం అనుభూతి చెందుతున్నాను మరియు తలనొప్పిని కలిగి ఉన్నాను; అది సాధారణమా మరియు నేను దానిని ఎలా నిర్వహించగలను?,TRUE,anxiety,positive,English
My breasts are really tender and swollen before my period; how can I relieve this discomfort?,मेरे स्तन वास्तव में मेरी अवधि से पहले कोमल और सूज गए हैं; मैं इस असुविधा को कैसे राहत दे सकता हूं?,My breasts are really tender and swollen before my period; how can I relieve this discomfort ka kya solution hai?,symptom_query,general,general,என் மார்பகங்கள் என் காலத்திற்கு முன்பே மென்மையாகவும் வீங்கியதாகவும் இருக்கும்; இந்த அச om கரியத்தை நான் எவ்வாறு நீக்க முடியும்?,আমার স্তনগুলি আমার পিরিয়ডের আগে সত্যই কোমল এবং ফুলে গেছে; আমি কীভাবে এই অস্বস্তি থেকে মুক্তি দিতে পারি?,माझे स्तन माझ्या कालावधीपूर्वी खरोखर कोमल आणि सूजलेले आहेत; मी ही अस्वस्थता कशी दूर करू शकतो?,میرے چھاتی واقعی میرے دور سے پہلے ہی ٹینڈر اور سوجن ہیں۔ میں اس تکلیف کو کیسے دور کرسکتا ہوں؟,నా వక్షోజాలు నిజంగా మృదువైనవి మరియు నా కాలానికి ముందు వాపుతో ఉంటాయి; నేను ఈ అసౌకర్యాన్ని ఎలా ఉపశమనం చేయగలను?,TRUE,acne,neutral,English
What foods or drinks can help reduce my menstrual cramps and bloating?,क्या खाद्य पदार्थ या पेय मेरे मासिक धर्म की ऐंठन और सूजन को कम करने में मदद कर सकते हैं?,What foods or drinks can help reduce my menstrual cramps and bloating ka kya solution hai?,symptom_query,period health,"menstruation, pain, symptom",எனது மாதவிடாய் பிடிப்புகளையும் வீக்கத்தையும் குறைக்க என்ன உணவுகள் அல்லது பானங்கள் உதவும்?,কোন খাবার বা পানীয়গুলি আমার stru তুস্রাবের বাধা এবং ফুলে যাওয়া হ্রাস করতে সহায়তা করতে পারে?,माझे मासिक पाळी आणि सूज कमी होण्यास कोणते पदार्थ किंवा पेय मदत करू शकतात?,کون سے کھانے پینے سے میرے ماہواری کے درد اور پھولنے میں مدد مل سکتی ہے؟,నా stru తు తిమ్మిరిని తగ్గించడానికి మరియు ఉబ్బరం చేయడానికి ఏ ఆహారాలు లేదా పానీయాలు సహాయపడతాయి?,TRUE,acne,neutral,Tamil
"I often crave sweets and carbs before my period; is that normal, and how can I manage those cravings in a healthy way?","मैं अक्सर अपनी अवधि से पहले मिठाई और कार्ब्स को तरसता हूं; क्या यह सामान्य है, और मैं उन cravings को स्वस्थ तरीके से कैसे प्रबंधित कर सकता हूं?","I often crave sweets and carbs before my period; is that normal, and how can I manage those cravings in a healthy way ka kya solution hai?",diet_advice,general,general,"எனது காலத்திற்கு முன்பே நான் அடிக்கடி இனிப்புகள் மற்றும் கார்ப்ஸை விரும்புகிறேன்; அது இயல்பானதா, அந்த ஏக்கங்களை ஆரோக்கியமான வழியில் எவ்வாறு நிர்வகிக்க முடியும்?","আমি প্রায়শই আমার পিরিয়ডের আগে মিষ্টি এবং কার্বস কামনা করি; এটি কি স্বাভাবিক, এবং আমি কীভাবে এই অভিলাষগুলি একটি স্বাস্থ্যকর উপায়ে পরিচালনা করতে পারি?",मी माझ्या कालावधीपूर्वी बर्‍याचदा मिठाई आणि कार्बची इच्छा बाळगतो; ते सामान्य आहे आणि मी त्या वासना निरोगी मार्गाने कसे व्यवस्थापित करू?,میں اکثر اپنی مدت سے پہلے ہی مٹھائیاں اور کاربس کی خواہش کرتا ہوں۔ کیا یہ معمول ہے ، اور میں ان خواہشات کو صحت مند طریقے سے کیسے سنبھال سکتا ہوں؟,"నా కాలానికి ముందు నేను తరచుగా స్వీట్లు మరియు పిండి పదార్థాలను కోరుకుంటాను; ఇది సాధారణమే, నేను ఆ కోరికలను ఆరోగ్యకరమైన రీతిలో ఎలా నిర్వహించగలను?",TRUE,acne,neutral,English
"What vitamins or nutrients can help with PMS symptoms, and which foods are rich in them?","पीएमएस के लक्षणों के साथ कौन से विटामिन या पोषक तत्व मदद कर सकते हैं, और कौन से खाद्य पदार्थ उनमें समृद्ध हैं?","What vitamins or nutrients can help with PMS symptoms, and which foods are rich in them ka kya solution hai?",diet_advice,general,general,"பி.எம்.எஸ் அறிகுறிகளுக்கு என்ன வைட்டமின்கள் அல்லது ஊட்டச்சத்துக்கள் உதவக்கூடும், அவற்றில் எந்த உணவுகள் நிறைந்துள்ளன?",কোন ভিটামিন বা পুষ্টিগুলি পিএমএসের লক্ষণগুলিতে সহায়তা করতে পারে এবং কোন খাবারগুলিতে সমৃদ্ধ?,पीएमएसच्या लक्षणांमध्ये कोणते जीवनसत्त्वे किंवा पोषक मदत करू शकतात आणि कोणते पदार्थ त्यामध्ये समृद्ध आहेत?,کون سے وٹامن یا غذائی اجزاء پی ایم ایس علامات میں مدد کرسکتے ہیں ، اور ان میں کون سے کھانے پینے کی چیزیں ہیں؟,ఏ విటమిన్లు లేదా పోషకాలు పిఎంఎస్ లక్షణాలకు సహాయపడతాయి మరియు వాటిలో ఏ ఆహారాలు గొప్పవి?,TRUE,cramps,positive,Urdu
I'm feeling really low on energy during my period; how should I adjust my diet to keep my energy up?,मैं अपनी अवधि के दौरान ऊर्जा पर वास्तव में कम महसूस कर रहा हूं; अपनी ऊर्जा को बनाए रखने के लिए मुझे अपने आहार को कैसे समायोजित करना चाहिए?,I'm feeling really low on energy during my period; how should I adjust my diet to keep my energy up ka kya solution hai?,mental_wellness,self-care,"coping, remedy, self-help",எனது காலகட்டத்தில் நான் ஆற்றலில் மிகவும் குறைவாக உணர்கிறேன்; எனது ஆற்றலை வைத்திருக்க எனது உணவை எவ்வாறு சரிசெய்ய வேண்டும்?,আমি আমার সময়কালে শক্তিতে সত্যিই কম বোধ করছি; আমার শক্তি বজায় রাখতে আমার ডায়েট কীভাবে সামঞ্জস্য করা উচিত?,माझ्या काळात मी उर्जेवर खरोखरच कमी जाणवत आहे; माझी उर्जा टिकवून ठेवण्यासाठी मी माझा आहार कसा समायोजित करावा?,میں اپنی مدت کے دوران واقعی کم توانائی محسوس کر رہا ہوں۔ اپنی توانائی کو برقرار رکھنے کے لئے مجھے اپنی غذا کو کس طرح ایڈجسٹ کرنا چاہئے؟,నా కాలంలో నేను శక్తిపై చాలా తక్కువగా ఉన్నాను; నా శక్తిని పెంచడానికి నా ఆహారాన్ని ఎలా సర్దుబాటు చేయాలి?,TRUE,stress,neutral,Telugu
"Which foods or drinks might make my period symptoms worse, and should I avoid them?","कौन से खाद्य पदार्थ या पेय मेरे पीरियड के लक्षणों को बदतर बना सकते हैं, और क्या मुझे उनसे बचना चाहिए?","Which foods or drinks might make my period symptoms worse, and should I avoid them ka kya solution hai?",diet_advice,general,general,"எந்த உணவுகள் அல்லது பானங்கள் எனது கால அறிகுறிகளை மோசமாக்கும், அவற்றைத் தவிர்க்க வேண்டுமா?",কোন খাবার বা পানীয়গুলি আমার সময়ের লক্ষণগুলিকে আরও খারাপ করে তুলতে পারে এবং আমি সেগুলি এড়ানো উচিত?,कोणते पदार्थ किंवा पेय माझ्या कालावधीची लक्षणे अधिक खराब करू शकतात आणि मी त्या टाळल्या पाहिजेत?,کون سی کھانوں یا مشروبات سے میری مدت کی علامات خراب ہوسکتی ہیں ، اور کیا مجھے ان سے بچنا چاہئے؟,ఏ ఆహారాలు లేదా పానీయాలు నా కాల లక్షణాలను మరింత దిగజార్చవచ్చు మరియు నేను వాటిని నివారించాలా?,TRUE,anxiety,positive,Hinglish
I'm looking for herbal teas or natural remedies that can help me feel better during my period; any suggestions?,मैं हर्बल चाय या प्राकृतिक उपचार की तलाश कर रहा हूं जो मुझे अपनी अवधि के दौरान बेहतर महसूस करने में मदद कर सकता है; कोई सुझाव?,I'm looking for herbal teas or natural remedies that can help me feel better during my period; any suggestions ka kya solution hai?,mental_wellness,general,general,எனது காலகட்டத்தில் நன்றாக உணர உதவும் மூலிகை தேநீர் அல்லது இயற்கை வைத்தியங்களை நான் தேடுகிறேன்; ஏதேனும் பரிந்துரைகள்?,আমি ভেষজ চা বা প্রাকৃতিক প্রতিকারগুলি খুঁজছি যা আমার সময়কালে আমাকে আরও ভাল বোধ করতে সহায়তা করতে পারে; কোন পরামর্শ?,मी हर्बल टी किंवा नैसर्गिक उपाय शोधत आहे जे माझ्या काळात मला बरे वाटू शकेल; काही सूचना?,میں جڑی بوٹیوں والی چائے یا قدرتی علاج کی تلاش کر رہا ہوں جو میری مدت کے دوران مجھے بہتر محسوس کرنے میں مدد فراہم کرسکتا ہے۔ کوئی تجاویز؟,నా కాలంలో నాకు మంచి అనుభూతిని కలిగించే మూలికా టీలు లేదా సహజ నివారణల కోసం నేను చూస్తున్నాను; ఏదైనా సూచనలు ఉన్నాయా?,TRUE,low energy,negative,Tamil
I've heard magnesium can help reduce cramps — what foods are high in magnesium?,मैंने सुना है कि मैग्नीशियम ऐंठन को कम करने में मदद कर सकता है - मैग्नीशियम में कौन से खाद्य पदार्थ अधिक हैं?,I've heard magnesium can help reduce cramps — what foods are high in magnesium ka kya solution hai?,symptom_query,period health,"menstruation, pain, symptom",மெக்னீசியம் பிடிப்பைக் குறைக்க உதவும் என்று நான் கேள்விப்பட்டேன் - மெக்னீசியம் என்ன உணவுகள் அதிகம்?,আমি শুনেছি ম্যাগনেসিয়াম ক্র্যাম্পগুলি হ্রাস করতে সহায়তা করতে পারে - ম্যাগনেসিয়ামে কোন খাবার বেশি?,मी ऐकले आहे की मॅग्नेशियम पेटके कमी करण्यास मदत करू शकते - मॅग्नेशियममध्ये कोणते पदार्थ जास्त आहेत?,میں نے سنا ہے کہ میگنیشیم درد کو کم کرنے میں مدد کرسکتا ہے - میگنیشیم میں کون سے کھانے کی چیزیں زیادہ ہیں؟,మెగ్నీషియం తిమ్మిరిని తగ్గించడంలో సహాయపడుతుందని నేను విన్నాను - మెగ్నీషియం ఏ ఆహారాలు ఎక్కువగా ఉన్నాయి?,TRUE,headache,positive,Urdu
I need some nutritious meal or snack ideas for when I'm on my period and feeling weak.,मुझे कुछ पौष्टिक भोजन या स्नैक विचारों की आवश्यकता है जब मैं अपनी अवधि पर हूं और कमजोर महसूस कर रहा हूं।,I need some nutritious meal or snack ideas for when I'm on my period and feeling weak. ke baare mein kya jaan sakte hain?,diet_advice,general,general,"நான் எனது காலகட்டத்தில் இருக்கும்போது, பலவீனமாக உணரும்போது எனக்கு சில சத்தான உணவு அல்லது சிற்றுண்டி யோசனைகள் தேவை.",আমি যখন আমার পিরিয়ডে থাকি এবং দুর্বল বোধ করি তখন আমার জন্য কিছু পুষ্টিকর খাবার বা স্ন্যাক আইডিয়া দরকার।,जेव्हा मी माझ्या कालावधीत असतो आणि कमकुवत होतो तेव्हा मला काही पौष्टिक जेवण किंवा स्नॅक कल्पनांची आवश्यकता आहे.,جب میں اپنی مدت پر ہوں اور کمزور محسوس کروں تو مجھے کچھ غذائیت سے بھرپور کھانے یا ناشتے کے آئیڈیوں کی ضرورت ہے۔,నేను నా కాలంలో ఉన్నప్పుడు మరియు బలహీనంగా ఉన్నప్పుడు నాకు కొన్ని పోషకమైన భోజనం లేదా చిరుతిండి ఆలోచనలు అవసరం.,FALSE,stress,neutral,Marathi
I often feel very moody or emotional right before and during my period; why does this happen?,मैं अक्सर अपनी अवधि से पहले और उसके दौरान बहुत मूडी या भावनात्मक महसूस करता हूं; ऐसा क्यूँ होता है?,I often feel very moody or emotional right before and during my period; why does this happen ka kya solution hai?,mental_wellness,general,general,"எனது காலத்திற்கு முன்பும், உணர்ச்சிவசப்படுவதையும் நான் அடிக்கடி உணர்கிறேன்; இது ஏன் நடக்கும்?",আমি প্রায়শই আমার পিরিয়ডের ঠিক আগে এবং সময় খুব মুডি বা সংবেদনশীল বোধ করি; কেন এমন হয়?,माझ्या कालावधीच्या आधी आणि दरम्यान मला बर्‍याचदा मूडी किंवा भावनिक वाटते; हे का घडते?,میں اکثر اپنے مدت سے پہلے اور اس کے دوران بہت مزاج یا جذباتی محسوس کرتا ہوں۔ ایسا کیوں ہوتا ہے؟,నా కాలానికి ముందు మరియు సమయంలో నేను తరచుగా చాలా మూడీ లేదా ఎమోషనల్ గా భావిస్తాను; ఇది ఎందుకు జరుగుతుంది?,TRUE,bloating,negative,Bengali
What can I do to manage stress or anxiety when I'm on my period?,जब मैं अपनी अवधि पर होता हूं तो मैं तनाव या चिंता का प्रबंधन करने के लिए क्या कर सकता हूं?,What can I do to manage stress or anxiety when I'm on my period ka kya solution hai?,mental_wellness,mental wellness,"emotion, mental health, stress",நான் எனது காலகட்டத்தில் இருக்கும்போது மன அழுத்தத்தை அல்லது பதட்டத்தை நிர்வகிக்க நான் என்ன செய்ய முடியும்?,আমি যখন আমার পিরিয়ডে থাকি তখন স্ট্রেস বা উদ্বেগ পরিচালনা করতে আমি কী করতে পারি?,मी माझ्या कालावधीत असताना तणाव किंवा चिंता व्यवस्थापित करण्यासाठी मी काय करू शकतो?,جب میں اپنی مدت پر ہوں تو تناؤ یا اضطراب کو سنبھالنے کے لئے میں کیا کرسکتا ہوں؟,నేను నా కాలంలో ఉన్నప్పుడు ఒత్తిడి లేదా ఆందోళనను నిర్వహించడానికి నేను ఏమి చేయగలను?,TRUE,low energy,neutral,Bengali
I could really use some tips for coping with mood swings during my period.,मैं वास्तव में अपनी अवधि के दौरान मिजाज के साथ मुकाबला करने के लिए कुछ युक्तियों का उपयोग कर सकता था।,I could really use some tips for coping with mood swings during my period. ke baare mein kya jaan sakte hain?,mental_wellness,mental wellness,"emotion, mental health, stress",எனது காலகட்டத்தில் மனநிலை மாற்றங்களைச் சமாளிக்க சில உதவிக்குறிப்புகளைப் பயன்படுத்தலாம்.,আমি আমার পিরিয়ডের সময় মুড দোলগুলির সাথে লড়াই করার জন্য সত্যিই কিছু টিপস ব্যবহার করতে পারি।,मी माझ्या कालावधीत मूड स्विंग्सचा सामना करण्यासाठी खरोखर काही टिपा वापरू शकलो.,میں واقعی میں اپنی مدت کے دوران موڈ کے جھولوں کا مقابلہ کرنے کے لئے کچھ نکات استعمال کرسکتا ہوں۔,నా కాలంలో మూడ్ స్వింగ్‌లను ఎదుర్కోవటానికి నేను నిజంగా కొన్ని చిట్కాలను ఉపయోగించగలను.,FALSE,stress,neutral,Hinglish
"How do hormones affect my mood during PMS, and are there ways to feel more balanced?","पीएमएस के दौरान हार्मोन मेरे मूड को कैसे प्रभावित करते हैं, और क्या अधिक संतुलित महसूस करने के तरीके हैं?","How do hormones affect my mood during PMS, and are there ways to feel more balanced ka kya solution hai?",mental_wellness,general,general,"PMS இன் போது ஹார்மோன்கள் எனது மனநிலையை எவ்வாறு பாதிக்கின்றன, மேலும் சீரானதாக உணர வழிகள் உள்ளனவா?",পিএমএসের সময় হরমোনগুলি কীভাবে আমার মেজাজকে প্রভাবিত করে এবং আরও সুষম বোধ করার উপায় রয়েছে?,पीएमएस दरम्यान हार्मोन्स माझ्या मूडवर कसा परिणाम करतात आणि अधिक संतुलित वाटण्याचे काही मार्ग आहेत?,پی ایم ایس کے دوران ہارمون میرے موڈ کو کیسے متاثر کرتے ہیں ، اور کیا زیادہ متوازن محسوس کرنے کے طریقے ہیں؟,PMS సమయంలో హార్మోన్లు నా మానసిక స్థితిని ఎలా ప్రభావితం చేస్తాయి మరియు మరింత సమతుల్యతను అనుభవించే మార్గాలు ఉన్నాయా?,TRUE,stress,neutral,Bengali
Could gentle exercise or relaxation techniques help me feel better mentally during my period?,क्या कोमल व्यायाम या विश्राम तकनीक मुझे अपनी अवधि के दौरान मानसिक रूप से बेहतर महसूस करने में मदद कर सकती है?,Could gentle exercise or relaxation techniques help me feel better mentally during my period ka kya solution hai?,mental_wellness,self-care,"coping, remedy, self-help",எனது காலகட்டத்தில் மனதளவில் நன்றாக உணர மென்மையான உடற்பயிற்சி அல்லது தளர்வு நுட்பங்கள் எனக்கு உதவ முடியுமா?,মৃদু অনুশীলন বা শিথিলকরণের কৌশলগুলি কি আমার সময়কালে মানসিকভাবে আরও ভাল বোধ করতে সহায়তা করতে পারে?,माझ्या कालावधीत सभ्य व्यायाम किंवा विश्रांतीची तंत्रे मला मानसिकदृष्ट्या अधिक चांगले वाटण्यास मदत करू शकतात?,کیا نرم ورزش یا آرام کی تکنیک میری مدت کے دوران ذہنی طور پر بہتر محسوس کرنے میں میری مدد کر سکتی ہے؟,సున్నితమైన వ్యాయామం లేదా సడలింపు పద్ధతులు నా కాలంలో మానసికంగా మంచి అనుభూతి చెందడానికి నాకు సహాయపడతాయా?,TRUE,stress,neutral,Tamil
How can I build a positive self-care routine to improve my mood throughout my cycle?,मैं अपने पूरे चक्र में अपने मूड को बेहतर बनाने के लिए एक सकारात्मक आत्म-देखभाल दिनचर्या का निर्माण कैसे कर सकता हूं?,How can I build a positive self-care routine to improve my mood throughout my cycle ka kya solution hai?,mental_wellness,general,general,எனது சுழற்சி முழுவதும் எனது மனநிலையை மேம்படுத்த ஒரு நேர்மறையான சுய பாதுகாப்பு வழக்கத்தை எவ்வாறு உருவாக்குவது?,আমার চক্র জুড়ে আমার মেজাজ উন্নত করতে আমি কীভাবে একটি ইতিবাচক স্ব-যত্ন রুটিন তৈরি করতে পারি?,माझ्या संपूर्ण चक्रात माझा मूड सुधारण्यासाठी मी एक सकारात्मक स्वयं-काळजी नित्यक्रम कसा तयार करू शकतो?,میں اپنے پورے دور میں اپنے مزاج کو بہتر بنانے کے ل a ایک مثبت خود کی دیکھ بھال کا معمول کیسے بنا سکتا ہوں؟,నా చక్రం అంతటా నా మానసిక స్థితిని మెరుగుపరచడానికి నేను సానుకూల స్వీయ-సంరక్షణ దినచర్యను ఎలా నిర్మించగలను?,TRUE,acne,negative,Marathi
What should I do if I feel very anxious or depressed every month before my period?,अगर मैं अपनी अवधि से पहले हर महीने बहुत चिंतित या उदास महसूस करता हूं तो मुझे क्या करना चाहिए?,What should I do if I feel very anxious or depressed every month before my period ka kya solution hai?,mental_wellness,general,general,எனது காலத்திற்கு முன்னர் ஒவ்வொரு மாதமும் நான் மிகவும் ஆர்வமாக அல்லது மனச்சோர்வடைந்தால் நான் என்ன செய்ய வேண்டும்?,আমার পিরিয়ডের আগে প্রতি মাসে খুব উদ্বিগ্ন বা হতাশাগ্রস্থ বোধ করলে আমার কী করা উচিত?,माझ्या कालावधीपूर्वी दरमहा मी खूप चिंताग्रस्त किंवा निराश झाल्यास मी काय करावे?,اگر میں اپنی مدت سے پہلے ہر مہینے بہت پریشان یا افسردہ ہوں تو مجھے کیا کرنا چاہئے؟,నా కాలానికి ముందు ప్రతి నెలా నేను చాలా ఆత్రుతగా లేదా నిరాశకు గురైనట్లయితే నేను ఏమి చేయాలి?,TRUE,cramps,positive,Hinglish
"As a teenager who has just started menstruating, I feel very emotional and anxious; how can I cope with these feelings?","एक किशोरी के रूप में जिसने अभी -अभी मासिक धर्म शुरू किया है, मैं बहुत भावुक और चिंतित महसूस करता हूं; मैं इन भावनाओं का सामना कैसे कर सकता हूं?","As a teenager who has just started menstruating, I feel very emotional and anxious; how can I cope with these feelings ka kya solution hai?",mental_wellness,self-care,"coping, remedy, self-help","மாதவிடாய் தொடங்கிய ஒரு இளைஞனாக, நான் மிகவும் உணர்ச்சிவசப்பட்டு ஆர்வமாக உணர்கிறேன்; இந்த உணர்வுகளை நான் எவ்வாறு சமாளிக்க முடியும்?","কিশোর বয়সে যিনি সবেমাত্র stru তুস্রাব শুরু করেছেন, আমি খুব সংবেদনশীল এবং উদ্বিগ্ন বোধ করি; আমি কীভাবে এই অনুভূতিগুলি সহ্য করতে পারি?","किशोरवयीन म्हणून ज्याने नुकतीच मासिक पाळी सुरू केली आहे, मला खूप भावनिक आणि चिंता वाटते; मी या भावनांचा सामना कसा करू शकतो?",ایک نوعمر ہونے کے ناطے جس نے ابھی حیض شروع کیا ہے ، میں بہت جذباتی اور پریشان محسوس کرتا ہوں۔ میں ان جذبات کا مقابلہ کیسے کرسکتا ہوں؟,"ఇప్పుడే stru తుస్రావం ప్రారంభించిన యుక్తవయసులో, నేను చాలా భావోద్వేగ మరియు ఆత్రుతగా ఉన్నాను; ఈ భావాలను నేను ఎలా ఎదుర్కోగలను?",TRUE,cramps,neutral,Hindi
"I'm on my period; is it okay to exercise, and what types of exercise could be beneficial?","मैं अपने अवधि पर हूं; क्या व्यायाम करना ठीक है, और किस प्रकार का व्यायाम फायदेमंद हो सकता है?","I'm on my period; is it okay to exercise, and what types of exercise could be beneficial ka kya solution hai?",exercise_guidance,self-care,"coping, remedy, self-help","நான் என் காலகட்டத்தில் இருக்கிறேன்; உடற்பயிற்சி செய்வது சரியா, எந்த வகையான உடற்பயிற்சி நன்மை பயக்கும்?",আমি আমার পিরিয়ডে আছি; অনুশীলন করা কি ঠিক আছে এবং কোন ধরণের অনুশীলন উপকারী হতে পারে?,मी माझ्या कालावधीत आहे; व्यायाम करणे ठीक आहे आणि कोणत्या प्रकारचे व्यायाम फायदेशीर ठरू शकतात?,میں اپنی مدت پر ہوں ؛ کیا ورزش کرنا ٹھیک ہے ، اور کس قسم کی ورزش فائدہ مند ثابت ہوسکتی ہے؟,"నేను నా కాలంలో ఉన్నాను; వ్యాయామం చేయడం సరైందే, మరియు ఏ రకమైన వ్యాయామం ప్రయోజనకరంగా ఉంటుంది?",TRUE,irritability,negative,Telugu
Which workouts or stretches can help relieve cramps and period discomfort?,कौन से वर्कआउट या स्ट्रेच ऐंठन और पीरियड असुविधा को दूर करने में मदद कर सकते हैं?,Which workouts or stretches can help relieve cramps and period discomfort ka kya solution hai?,symptom_query,period health,"menstruation, pain, symptom",பிடிப்புகள் மற்றும் கால அச om கரியத்தை போக்க எந்த உடற்பயிற்சிகளும் நீட்டிப்புகளும் உதவும்?,কোন ওয়ার্কআউট বা প্রসারিত ক্র্যাম্প এবং পিরিয়ডের অস্বস্তি উপশম করতে সহায়তা করতে পারে?,कोणते वर्कआउट्स किंवा स्ट्रेच पेटके आणि कालावधीची अस्वस्थता कमी करण्यास मदत करू शकतात?,کون سے ورزش یا کھینچنے سے درد اور مدت کی تکلیف کو دور کرنے میں مدد مل سکتی ہے؟,ఏ వర్కౌట్స్ లేదా స్ట్రెచ్‌లు తిమ్మిరి మరియు పీరియడ్ అసౌకర్యాన్ని తగ్గించడానికి సహాయపడతాయి?,TRUE,low energy,neutral,Marathi
Are there any exercises or activities I should avoid during heavy flow days?,क्या कोई अभ्यास या गतिविधियाँ हैं जिनसे मुझे भारी प्रवाह के दिनों में बचना चाहिए?,Are there any exercises or activities I should avoid during heavy flow days ka kya solution hai?,mental_wellness,period health,"menstruation, pain, symptom",கனமான ஓட்ட நாட்களில் நான் தவிர்க்க வேண்டிய பயிற்சிகள் அல்லது நடவடிக்கைகள் ஏதேனும் உள்ளதா?,ভারী প্রবাহের দিনগুলিতে আমার কি কোনও অনুশীলন বা ক্রিয়াকলাপ এড়ানো উচিত?,जड प्रवाहाच्या दिवसात मी काही व्यायाम किंवा क्रियाकलाप टाळले पाहिजेत?,کیا بھاری بہاؤ کے دنوں میں مجھے کوئی مشقیں یا سرگرمیاں ہونا چاہئے؟,భారీ ప్రవాహ రోజులలో నేను నివారించాల్సిన వ్యాయామాలు లేదా కార్యకలాపాలు ఉన్నాయా?,TRUE,acne,neutral,Marathi
How can I modify my exercise routine when I'm feeling fatigued during my period?,जब मैं अपनी अवधि के दौरान थका हुआ महसूस कर रहा हूं तो मैं अपनी व्यायाम दिनचर्या को कैसे संशोधित कर सकता हूं?,How can I modify my exercise routine when I'm feeling fatigued during my period ka kya solution hai?,symptom_query,self-care,"coping, remedy, self-help",எனது காலகட்டத்தில் நான் சோர்வாக இருக்கும்போது எனது உடற்பயிற்சியை எவ்வாறு மாற்றுவது?,আমি যখন আমার সময়কালে ক্লান্তি বোধ করি তখন আমি কীভাবে আমার অনুশীলনের রুটিনটি সংশোধন করতে পারি?,जेव्हा मी माझ्या कालावधीत थकवा जाणवतो तेव्हा मी माझ्या व्यायामाची दिनचर्या कशी सुधारित करू शकतो?,جب میں اپنی مدت کے دوران تھکاوٹ محسوس کر رہا ہوں تو میں اپنے ورزش کے معمولات میں کیسے ترمیم کرسکتا ہوں؟,నా కాలంలో నేను అలసటతో ఉన్నప్పుడు నా వ్యాయామ దినచర్యను ఎలా సవరించగలను?,TRUE,anxiety,positive,Telugu
Can staying active with light workouts or yoga improve my mood and relieve cramps on my period?,क्या हल्के वर्कआउट या योग के साथ सक्रिय रहना मेरे मूड में सुधार कर सकता है और मेरी अवधि में ऐंठन को दूर कर सकता है?,Can staying active with light workouts or yoga improve my mood and relieve cramps on my period ka kya solution hai?,symptom_query,period health,"menstruation, pain, symptom",ஒளி உடற்பயிற்சிகளோ அல்லது யோகாவிலோ சுறுசுறுப்பாக இருக்க முடியுமா?,হালকা ওয়ার্কআউট বা যোগের সাথে সক্রিয় থাকতে আমার মেজাজ উন্নত করতে এবং আমার পিরিয়ডে ক্র্যাম্পগুলি উপশম করতে পারে?,हलके वर्कआउट्स किंवा योगासह सक्रिय राहणे माझ्या मनःस्थितीत सुधारणा करू शकते आणि माझ्या कालावधीत पेटके कमी करू शकते?,کیا ہلکے ورزش یا یوگا کے ساتھ متحرک رہنے سے میرے موڈ میں بہتری آسکتی ہے اور میری مدت میں درد کو دور کیا جاسکتا ہے؟,తేలికపాటి వర్కౌట్స్ లేదా యోగాతో చురుకుగా ఉండడం నా మానసిక స్థితిని మెరుగుపరుస్తుంది మరియు నా కాలంలో తిమ్మిరి నుండి ఉపశమనం పొందగలదా?,TRUE,irritability,negative,Bengali
What precautions should I take if I want to run or play sports while menstruating?,यदि मैं मासिक धर्म करते समय खेल चलाना या खेलना चाहता हूं तो मुझे क्या सावधानी बरतनी चाहिए?,What precautions should I take if I want to run or play sports while menstruating ka kya solution hai?,exercise_guidance,general,general,மாதவிடாய் இருக்கும்போது விளையாட்டுகளை இயக்க அல்லது விளையாட விரும்பினால் நான் என்ன முன்னெச்சரிக்கை நடவடிக்கைகளை எடுக்க வேண்டும்?,Stru তুস্রাবের সময় আমি যদি খেলতে বা খেলাধুলা করতে চাই তবে আমার কী সতর্কতা অবলম্বন করা উচিত?,मासिक पाळी करताना मला खेळायचे किंवा खेळायचे असल्यास मी कोणती खबरदारी घ्यावी?,اگر میں حیض کے دوران کھیل کھیلنا یا کھیل کھیلنا چاہتا ہوں تو مجھے کیا احتیاطی تدابیر اختیار کرنی چاہئے؟,Stru తుస్రావం చేసేటప్పుడు క్రీడలు నడపడం లేదా ఆడాలనుకుంటే నేను ఏ జాగ్రత్తలు తీసుకోవాలి?,TRUE,irritability,negative,Bengali
"How might exercise affect my menstrual cycle, and should I change my workout intensity on certain days?","व्यायाम मेरे मासिक धर्म चक्र को कैसे प्रभावित कर सकता है, और क्या मुझे कुछ दिनों में अपनी कसरत की तीव्रता बदलनी चाहिए?","How might exercise affect my menstrual cycle, and should I change my workout intensity on certain days ka kya solution hai?",exercise_guidance,self-care,"coping, remedy, self-help","உடற்பயிற்சி எனது மாதவிடாய் சுழற்சியை எவ்வாறு பாதிக்கும், சில நாட்களில் எனது வொர்க்அவுட்டை மாற்ற வேண்டுமா?",অনুশীলন কীভাবে আমার stru তুস্রাবকে প্রভাবিত করতে পারে এবং নির্দিষ্ট দিনগুলিতে আমার ওয়ার্কআউটের তীব্রতা পরিবর্তন করা উচিত?,व्यायामामुळे माझ्या मासिक पाळीवर कसा परिणाम होईल आणि मी काही दिवसांवर माझी कसरत तीव्रता बदलू का?,ورزش میرے ماہواری کو کس طرح متاثر کرسکتی ہے ، اور کیا مجھے کچھ دنوں میں اپنی ورزش کی شدت کو تبدیل کرنا چاہئے؟,వ్యాయామం నా stru తు చక్రాన్ని ఎలా ప్రభావితం చేస్తుంది మరియు కొన్ని రోజులలో నా వ్యాయామ తీవ్రతను మార్చాలా?,TRUE,fatigue,positive,Tamil
Is swimming or gentle cardio a good option during my period?,क्या मेरी अवधि के दौरान तैराकी या कोमल कार्डियो एक अच्छा विकल्प है?,Is swimming or gentle cardio a good option during my period ka kya solution hai?,exercise_guidance,general,general,எனது காலகட்டத்தில் நீச்சல் அல்லது மென்மையான கார்டியோ ஒரு நல்ல விருப்பமா?,আমার পিরিয়ডের সময় কি সাঁতার বা মৃদু কার্ডিও একটি ভাল বিকল্প?,माझ्या कालावधीत पोहणे किंवा कोमल कार्डिओ एक चांगला पर्याय आहे?,کیا میری مدت کے دوران تیراکی یا نرم کارڈیو ایک اچھا آپشن ہے؟,నా కాలంలో ఈత లేదా సున్నితమైన కార్డియో మంచి ఎంపికగా ఉందా?,TRUE,acne,negative,Bengali
I often hear that you can't get pregnant if you have sex during your period; is that actually true?,मैं अक्सर सुनता हूं कि यदि आप अपनी अवधि के दौरान सेक्स करते हैं तो आप गर्भवती नहीं हो सकते; क्या यह वास्तव में सच है?,I often hear that you can't get pregnant if you have sex during your period; is that actually true ka kya solution hai?,myth_busting,general,general,உங்கள் காலகட்டத்தில் நீங்கள் உடலுறவு கொண்டால் நீங்கள் கர்ப்பமாக இருக்க முடியாது என்று நான் அடிக்கடி கேள்விப்படுகிறேன்; அது உண்மையில் உண்மையா?,আমি প্রায়শই শুনি যে আপনি যদি আপনার সময়কালে সেক্স করেন তবে আপনি গর্ভবতী হতে পারবেন না; এটা কি আসলে সত্য?,मी बर्‍याचदा ऐकतो की आपल्या कालावधीत आपण लैंगिक संबंध ठेवल्यास आपण गर्भवती होऊ शकत नाही; खरंच खरं आहे का?,میں اکثر سنتا ہوں کہ اگر آپ اپنی مدت کے دوران جنسی تعلقات رکھتے ہیں تو آپ حاملہ نہیں ہوسکتے ہیں۔ کیا حقیقت میں یہ سچ ہے؟,మీ కాలంలో మీరు సెక్స్ చేస్తే మీరు గర్భవతి కారని నేను తరచుగా వింటాను; ఇది నిజమేనా?,TRUE,anxiety,negative,Marathi
Some people say you shouldn't exercise or swim when you're menstruating; is that necessary or just a myth?,कुछ लोग कहते हैं कि जब आप मासिक धर्म कर रहे हों तो आपको व्यायाम या तैरना नहीं चाहिए; क्या यह आवश्यक है या सिर्फ एक मिथक है?,Some people say you shouldn't exercise or swim when you're menstruating; is that necessary or just a myth ka kya solution hai?,exercise_guidance,self-care,"coping, remedy, self-help",நீங்கள் மாதவிடாய் இருக்கும்போது உடற்பயிற்சி செய்யவோ நீந்தவோ கூடாது என்று சிலர் கூறுகிறார்கள்; அது அவசியமா அல்லது ஒரு கட்டுக்கதை?,কিছু লোক বলে যে আপনি যখন stru তুস্রাব করছেন তখন আপনার অনুশীলন করা বা সাঁতার কাটবেন না; এটি কি প্রয়োজনীয় নাকি কেবল একটি মিথ?,काही लोक म्हणतात की आपण मासिक पाळी लावता तेव्हा आपण व्यायाम किंवा पोहू नये; ते आवश्यक आहे की फक्त एक मिथक?,کچھ لوگ کہتے ہیں کہ جب آپ حیض کر رہے ہو تو آپ کو ورزش یا تیراکی نہیں کرنی چاہئے۔ کیا یہ ضروری ہے یا صرف ایک افسانہ؟,కొంతమంది మీరు stru తుస్రావం చేస్తున్నప్పుడు మీరు వ్యాయామం చేయకూడదని లేదా ఈత కొట్టకూడదని అంటున్నారు; అది అవసరమా లేదా కేవలం పురాణమా?,TRUE,acne,negative,Hinglish
I've heard that menstrual cycles sync up when people spend time together. Is that a proven fact or just a myth?,मैंने सुना है कि जब लोग एक साथ समय बिताते हैं तो मासिक धर्म चक्र सिंक करते हैं। क्या यह एक सिद्ध तथ्य है या सिर्फ एक मिथक है?,I've heard that menstrual cycles sync up when people spend time together. Is that a proven fact or just a myth ka kya solution hai?,myth_busting,general,general,மக்கள் ஒன்றாக நேரத்தை செலவிடும்போது மாதவிடாய் சுழற்சிகள் ஒத்திசைக்கின்றன என்று நான் கேள்விப்பட்டேன். இது ஒரு நிரூபிக்கப்பட்ட உண்மையா அல்லது ஒரு கட்டுக்கதை?,আমি শুনেছি যে লোকেরা যখন একসাথে সময় কাটায় তখন মাসিক চক্রগুলি সিঙ্ক হয়ে যায়। এটি কি প্রমাণিত সত্য বা কেবল একটি মিথ?,मी ऐकले आहे की जेव्हा लोक एकत्र वेळ घालवतात तेव्हा मासिक पाळीची सायकल समक्रमित होते. ती एक सिद्ध सत्य आहे की फक्त एक मिथक?,میں نے سنا ہے کہ جب لوگ ایک ساتھ وقت گزارتے ہیں تو ماہواری کے سائیکل ہم آہنگ ہوجاتے ہیں۔ کیا یہ ایک ثابت شدہ حقیقت ہے یا صرف ایک افسانہ؟,ప్రజలు కలిసి సమయం గడిపినప్పుడు stru తు చక్రాలు సమకాలీకరిస్తాయని నేను విన్నాను. ఇది నిరూపితమైన వాస్తవం లేదా కేవలం పురాణమా?,TRUE,cramps,neutral,Hinglish
I've heard period blood is 'dirty' or harmful – is there any truth to that?,मैंने सुना है कि अवधि 'गंदे' या हानिकारक है - क्या उस पर कोई सच्चाई है?,I've heard period blood is 'dirty' or harmful – is there any truth to that ka kya solution hai?,myth_busting,general,general,கால இரத்தம் 'அழுக்கு' அல்லது தீங்கு விளைவிக்கும் என்று நான் கேள்விப்பட்டிருக்கிறேன் - அதற்கு ஏதாவது உண்மை இருக்கிறதா?,আমি শুনেছি পিরিয়ড রক্ত 'নোংরা' বা ক্ষতিকারক - এর কি সত্যতা আছে?,मी ऐकले आहे की पीरियड रक्त 'गलिच्छ' किंवा हानिकारक आहे - त्यासाठी काही सत्य आहे का?,میں نے سنا ہے کہ خون 'گندا' یا نقصان دہ ہے - کیا اس کی کوئی حقیقت ہے؟,కాలం రక్తం 'మురికి' లేదా హానికరమైనది అని నేను విన్నాను - దానికి ఏదైనా నిజం ఉందా?,TRUE,cramps,negative,Marathi
I've heard using tampons can damage the hymen or mean you're not a virgin anymore. Is this true or just a myth?,मैंने सुना है कि टैम्पोन का उपयोग करने से हाइमन को नुकसान हो सकता है या इसका मतलब है कि आप अब कुंवारी नहीं हैं। क्या यह सच है या सिर्फ एक मिथक है?,I've heard using tampons can damage the hymen or mean you're not a virgin anymore. Is this true or just a myth ka kya solution hai?,myth_busting,general,general,டம்பான்களைப் பயன்படுத்துவது ஹைமனை சேதப்படுத்தும் அல்லது நீங்கள் இனி ஒரு கன்னி இல்லை என்று நான் கேள்விப்பட்டேன். இது உண்மையா அல்லது ஒரு கட்டுக்கதை?,আমি শুনেছি ট্যাম্পনগুলি ব্যবহার করে হাইমনকে ক্ষতি করতে পারে বা এর অর্থ আপনি আর কুমারী নন। এটি কি সত্য নাকি কেবল একটি মিথ?,मी ऐकले आहे की टॅम्पन्स वापरणे हायमेनचे नुकसान करू शकते किंवा याचा अर्थ असा आहे की आपण यापुढे कुमारी नाही. हे खरे आहे की फक्त एक मिथक आहे?,میں نے سنا ہے کہ ٹیمپون استعمال کرنے سے ہائمن کو نقصان پہنچ سکتا ہے یا اس کا مطلب ہے کہ آپ اب کنواری نہیں ہیں۔ یہ سچ ہے یا صرف ایک افسانہ؟,టాంపోన్‌లను ఉపయోగించడం హైమెన్‌ను దెబ్బతీస్తుందని నేను విన్నాను లేదా మీరు ఇకపై కన్య కాదని అర్థం. ఇది నిజమా లేదా కేవలం పురాణమా?,TRUE,acne,negative,Urdu
"Does having an irregular period always mean something is wrong, or can it sometimes be normal?","क्या अनियमित अवधि का मतलब हमेशा कुछ गलत होता है, या क्या यह कभी -कभी सामान्य हो सकता है?","Does having an irregular period always mean something is wrong, or can it sometimes be normal ka kya solution hai?",symptom_query,period health,"menstruation, pain, symptom","ஒழுங்கற்ற காலத்தைக் கொண்டிருப்பது எப்போதுமே ஏதோ தவறு என்று அர்த்தமா, அல்லது சில நேரங்களில் சாதாரணமாக இருக்க முடியுமா?","অনিয়মিত সময়কালের অর্থ কি সর্বদা কিছু ভুল হয়, বা এটি কখনও কখনও স্বাভাবিক হতে পারে?",अनियमित कालावधी असणे नेहमीच काहीतरी चुकीचे असते किंवा कधीकधी सामान्य असू शकते?,کیا فاسد مدت کا ہمیشہ مطلب یہ ہوتا ہے کہ کچھ غلط ہے ، یا یہ کبھی کبھی معمول کی بات ہوسکتی ہے؟,"క్రమరహిత కాలం కలిగి ఉండటం ఎల్లప్పుడూ ఏదో తప్పు అని అర్ధం, లేదా అది కొన్నిసార్లు సాధారణమైనదా?",TRUE,bloating,negative,English
"Is it true that if I miss my period, I must be pregnant?","क्या यह सच है कि अगर मुझे अपनी अवधि याद आती है, तो मुझे गर्भवती होना चाहिए?","Is it true that if I miss my period, I must be pregnant ka kya solution hai?",myth_busting,general,general,"எனது காலத்தை நான் தவறவிட்டால், நான் கர்ப்பமாக இருக்க வேண்டும் என்பது உண்மையா?",এটা কি সত্য যে আমি যদি আমার পিরিয়ড মিস করি তবে আমাকে অবশ্যই গর্ভবতী হতে হবে?,हे खरे आहे की जर मी माझा कालावधी चुकवला तर मी गर्भवती असणे आवश्यक आहे?,کیا یہ سچ ہے کہ اگر میں اپنی مدت سے محروم ہوں تو مجھے حاملہ ہونا چاہئے؟,"నేను నా కాలాన్ని కోల్పోతే, నేను గర్భవతిగా ఉండాలి అనేది నిజమేనా?",TRUE,low energy,neutral,English
I've heard that eating certain foods or taking herbal remedies can delay or stop your period. Is there any truth to that?,मैंने सुना है कि कुछ खाद्य पदार्थ खाने या हर्बल उपचार लेने से आपकी अवधि में देरी हो सकती है या रोक सकती है। क्या इसमें कोई सच्चाई है?,I've heard that eating certain foods or taking herbal remedies can delay or stop your period. Is there any truth to that ka kya solution hai?,diet_advice,general,general,சில உணவுகளை சாப்பிடுவது அல்லது மூலிகை மருந்துகளை உட்கொள்வது உங்கள் காலத்தை தாமதப்படுத்தலாம் அல்லது நிறுத்தலாம் என்று கேள்விப்பட்டேன். அதற்கு ஏதேனும் உண்மை இருக்கிறதா?,আমি শুনেছি যে নির্দিষ্ট খাবার খাওয়া বা ভেষজ প্রতিকার নেওয়া আপনার সময়কাল বিলম্ব বা বন্ধ করতে পারে। এর কোন সত্য আছে?,मी ऐकले आहे की काही पदार्थ खाणे किंवा हर्बल उपाययोजना केल्याने आपला कालावधी उशीर होऊ शकतो किंवा थांबू शकतो. त्यास काही सत्य आहे का?,میں نے سنا ہے کہ کچھ کھانوں کو کھانے یا جڑی بوٹیوں کے علاج سے آپ کی مدت میں تاخیر یا روک سکتی ہے۔ کیا اس کی کوئی حقیقت ہے؟,కొన్ని ఆహారాలు తినడం లేదా మూలికా నివారణలు తీసుకోవడం ఆలస్యం లేదా మీ వ్యవధిని ఆపగలదని నేను విన్నాను. దానికి ఏదైనా నిజం ఉందా?,TRUE,bloating,positive,Bengali
